X,Y
-1.52559569,1.369674
-1.48088548,1.34968665
-1.48086781,1.34967654
-1.48087435,1.34968241
-1.48090317,1.34968808
-1.4808616,1.34966584
-1.48086681,1.34967187
-1.48086977,1.349695
-1.48087693,1.34965455
-1.48087757,1.34962279
-1.48090303,1.34969421
-1.48086751,1.34963179
-1.48085926,1.34962433
-1.48085622,1.34963038
-1.48088267,1.34964675
-1.48086664,1.34966349
-1.48087746,1.34966372
-1.48087589,1.3496751
-1.48089234,1.34967739
-1.48086214,1.34967381
-1.48086302,1.34965724
-1.480852,1.34966837
-1.48091155,1.34969605
-1.48087662,1.34967312
-1.48086735,1.34965605
-1.48086712,1.34965567
-1.48089146,1.34968564
-1.48086416,1.34965739
-1.480863,1.3496555
-1.48089177,1.3496971
-1.48087908,1.34966586
-1.48089272,1.34968091
-1.48086948,1.34966239
-1.48088113,1.34967047
-1.48089374,1.34967034
-1.48088165,1.34965319
-1.48088266,1.34966948
-1.48086999,1.34965316
-1.48086522,1.34963951
-1.48084738,1.34967029
-1.48088589,1.34966215
-1.48086177,1.34966879
-1.48087776,1.34963746
-1.48086983,1.34963204
-1.48088725,1.34964942
-1.48087982,1.34970831
-1.4808868,1.34969109
-1.48089577,1.34967778
-1.48091172,1.34968054
-1.48090027,1.34969599
-1.48085367,1.34967655
-1.48086044,1.34969294
-1.48087263,1.34967857
-1.48086688,1.34967549
-1.48087935,1.3496666
-1.48086229,1.34968618
-1.48087397,1.34969357
-1.48088531,1.34968823
-1.48088866,1.34968836
-1.48086105,1.34969084
-1.48088069,1.34967393
-1.48088262,1.34967602
-1.48089014,1.34966224
-1.48087696,1.34967314
-1.48086729,1.34968548
-1.48088832,1.34969919
-1.48088649,1.34970462
-1.48089355,1.34966914
-1.48088935,1.34967057
-1.48089672,1.34969579
-1.48087276,1.34965979
-1.48088201,1.34964214
-1.48088003,1.34967811
-1.48086299,1.34964513
-1.48087862,1.34964281
-1.4808882,1.34969754
-1.48089256,1.34969347
-1.48089335,1.34968616
-1.48089521,1.34971088
-1.48088538,1.34968473
-1.48087066,1.34966647
-1.48087505,1.34969038
-1.48088683,1.34967107
-1.48088154,1.34966932
-1.48068414,1.3496093
-1.4809853,1.34958129
-1.48091235,1.34958634
-1.48094548,1.34959085
-1.48089663,1.34958665
-1.48096631,1.34959997
-1.48096218,1.34958192
-1.48091396,1.34956276
-1.4809384,1.34967104
-1.48090547,1.34956922
-1.48091818,1.3496038
-1.48090876,1.34956452
-1.48091555,1.34963887
-1.48089334,1.34956448
-1.48083,1.34946313
-1.48091559,1.34964183
-1.48090386,1.34954672
-1.48092745,1.34968579
-1.48096925,1.34975547
-1.48085526,1.34954687
-1.4809619,1.34968807
-1.48087612,1.34952258
-1.48092242,1.34955507
-1.48084188,1.34964881
-1.48087695,1.34957123
-1.48084801,1.34955715
-1.48087005,1.34951276
-1.48086183,1.34964291
-1.4808969,1.3496661
-1.48078652,1.34964675
-1.48073853,1.34984676
-1.48079391,1.34989377
-1.48073108,1.34984971
-1.48079125,1.34982374
-1.48071993,1.34981309
-1.48077176,1.34987829
-1.48051371,1.35067
-1.48019293,1.35113817
-1.47975733,1.35188701
-1.47970988,1.3521813
-1.47894754,1.35328492
-1.47836194,1.35430208
-1.47697167,1.35681336
-1.47596193,1.35793394
-1.47346272,1.36183833
-1.47115517,1.36466562
-1.46596075,1.36866626
-1.46204041,1.37078787
-1.45517763,1.37410134
-1.45015896,1.3764272
-1.43836984,1.37985073
-1.43234417,1.3806699
-1.4037706,1.38377488
-1.38599787,1.38378104
-1.35762111,1.37989346
-1.34729838,1.37720658
-1.31712431,1.36610903
-1.28983802,1.34919448
-1.26828854,1.3331457
-1.24817992,1.31485867
-1.2068906,1.27327468
-1.2021142,1.26253881
-1.19578548,1.23141245
-1.19830809,1.21583119
-1.20338448,1.20019105
-1.19925694,1.19312479
-1.18518705,1.17535578
-1.17350346,1.16749852
-1.15673786,1.15565807
-1.15106961,1.15251542
-1.13425019,1.14584317
-1.13382805,1.14586494
-1.13552689,1.14979137
-1.13647166,1.15143698
-1.14412856,1.16369248
-1.14706603,1.16762173
-1.15321697,1.17646651
-1.15707924,1.17955144
-1.16342786,1.18739501
-1.16673477,1.19083953
-1.17123153,1.19617238
-1.17365436,1.19895401
-1.17852949,1.20451279
-1.18026939,1.20564417
-1.17994126,1.20665509
-1.17760032,1.20802209
-1.1752251,1.20659721
-1.17261919,1.20435863
-1.1661131,1.20326086
-1.16536792,1.20271933
-1.1591819,1.20245918
-1.15738357,1.20192571
-1.1547955,1.20246051
-1.15118483,1.20366777
-1.14613669,1.20534003
-1.14174704,1.20701821
-1.13980823,1.20827122
-1.13885253,1.20888504
-1.13317074,1.21213649
-1.12970244,1.21267248
-1.12658204,1.21536606
-1.12667011,1.21765553
-1.12048158,1.21702798
-1.12010366,1.21677766
-1.12050551,1.21819385
-1.11790696,1.21819157
-1.11573962,1.21671183
-1.1162453,1.21676069
-1.1073161,1.21497473
-1.0969258,1.21725107
-1.08887103,1.21712538
-1.08649843,1.21740152
-1.08015295,1.21949644
-1.07540695,1.22248948
-1.07106505,1.22661834
-1.06925999,1.22824132
-1.06792778,1.23455186
-1.06408091,1.23542621
-1.05732197,1.23989225
-1.05443737,1.23975495
-1.80864831,1.61044132
-1.81844791,1.61002947
-1.04472809,1.2433116
-1.81307455,1.60911268
-1.0449401,1.24433035
-1.03940297,1.2430439
-1.0374626,1.24395754
-1.0341743,1.24450306
-1.02496553,1.24235722
-1.02529528,1.24240438
-1.02280261,1.24193134
-1.02250243,1.24127262
-1.01932628,1.24068021
-1.01612193,1.23924986
-1.00865414,1.23922458
-1.00836329,1.24094929
-1.0026292,1.24122986
-0.9972492,1.24246967
-0.99177855,1.24738613
-0.98537242,1.24814081
-0.97863793,1.2542433
-0.9764557,1.25678652
-0.96708541,1.2623074
-0.96518776,1.2650467
-0.96020531,1.25662867
-0.954417,1.24716495
-0.95293914,1.24419378
-0.95179403,1.24543612
-0.95074546,1.25257694
-0.94886174,1.25897859
-1.02297438,1.48018743
-0.94443272,1.27130508
-0.93821968,1.28452476
-0.9355952,1.2859213
-0.92784672,1.29278648
-0.92364486,1.29777419
-0.91284241,1.30192194
-0.91162187,1.30423635
-0.90434708,1.3063967
-0.8988795,1.30649971
-0.88619461,1.30110319
-0.88332579,1.29901161
-0.87052102,1.28970885
-0.86375602,1.28452816
-0.85638021,1.27930072
-0.84431431,1.27379275
-0.83720293,1.26749232
-0.83420894,1.26574732
-0.82372986,1.25878591
-0.81420662,1.24913899
-0.80979851,1.2442152
-0.80440312,1.2387776
-0.79437927,1.23072733
-0.7922615,1.22867203
-0.78769067,1.22314325
-0.78476649,1.21908925
-0.77592512,1.20652819
-0.77468713,1.20471951
-0.76704339,1.19333666
-0.76587427,1.18885869
-0.76181508,1.18142441
-0.76038325,1.17367025
-0.75388784,1.16139572
-0.75414775,1.15434233
-0.75044457,1.14335209
-0.74980254,1.13710439
-0.74333621,1.11778868
-0.74554416,1.11387912
-0.74399672,1.09318483
-0.74364948,1.08821924
-0.74425591,1.07212906
-0.74415484,1.06535227
-0.7461341,1.04830407
-0.74733599,1.04521491
-0.74948592,1.03486793
-0.7483825,1.02730652
-0.74634898,1.01334231
-0.74622821,1.00697702
-0.74382232,0.99410559
-0.7459095,0.98468747
-0.74961366,0.97607398
-0.75312229,0.96918332
-0.75794388,0.95581929
-0.75902614,0.94927043
-0.7677196,0.93087292
-1.0986907,0.96422255
-1.09884782,0.94998913
-1.09829044,0.94708462
-1.10342007,0.93234949
-1.10494035,0.93614865
-1.11137149,0.93468333
-1.11024736,0.93583458
-1.11132784,0.94039112
-1.11447939,0.93784219
-1.11557811,0.9403847
-1.11824383,0.94015158
-1.1095614,0.94227439
-1.12023042,0.93957641
-1.1157679,0.93906352
-1.09902576,0.93987747
-1.10623693,0.93531567
-1.11681749,0.92832343
-1.10488599,0.92963599
-1.07946981,0.93572773
-1.08034961,0.92862281
-1.07374056,0.94147233
-1.07103789,0.93970335
-1.07032766,0.93740085
-1.07111471,0.93781047
-1.07435162,0.94555393
-1.08119552,0.946301
-1.07835351,0.94954334
-1.0830198,0.95069916
-1.09134673,0.95404363
-1.09241307,0.95278508
-1.10056936,0.95423965
-1.10905609,0.95557367
-1.15682334,0.66011548
-1.16471866,0.65690734
-1.1778199,0.65048505
-1.18892203,0.64657345
-1.19245748,0.64681726
-1.20097587,0.64099027
-1.20567122,0.63947594
-1.21597124,0.63319006
-1.21890789,0.6318604
-1.22612763,0.63239137
-1.23179554,0.62768192
-1.24096257,0.62486163
-1.24485163,0.62101684
-1.25169438,0.61935285
-1.25556494,0.61832504
-1.26474678,0.61432111
-1.27093867,0.61052585
-1.28251876,0.60387098
-1.29019138,0.60048107
-1.3055379,0.59198872
-1.31663311,0.58262706
-1.3305796,0.57180572
-1.33347081,0.56787443
-1.34483348,0.56370071
-1.3472774,0.56393843
-1.35870467,0.56620103
-1.3620392,0.56800459
-1.37436337,0.56898255
-1.37509583,0.56607928
-1.38384531,0.56610395
-1.39146356,0.56212048
-1.40174441,0.54993362
-1.40535436,0.55026639
-1.40958091,0.54206012
-1.40952944,0.53445593
-1.40429414,0.52459736
-1.39922037,0.51946346
-1.3886721,0.51263469
-1.38576681,0.51175556
-1.37500123,0.5014432
-1.37275179,0.49609255
-1.37178439,0.49134067
-1.37158555,0.48373098
-1.37823061,0.47048023
-1.37981035,0.47064811
-1.38671753,0.46290048
-1.39253749,0.45521244
-1.39658163,0.4491294
-1.40053563,0.44177714
-1.4016693,0.43453188
-1.4021914,0.42909667
-1.40474491,0.42003899
-1.40745524,0.4136087
-1.41320207,0.39943338
-1.41467608,0.39819581
-1.42006857,0.37078169
-1.42349218,0.35693027
-1.42670694,0.33801752
-1.42678017,0.32340431
-1.42655543,0.30598389
-1.42654772,0.30259948
-1.42849592,0.28632151
-1.42839199,0.28061976
-1.425104,0.26276555
-1.42312383,0.2598801
-1.42169066,0.24851511
-1.42062878,0.24256023
-1.42387401,0.23292417
-1.42606169,0.2254559
-1.43189845,0.21851947
-1.4363053,0.21532714
-1.44730415,0.21034957
-2.88943173,0.40451742
-2.89312444,0.40053809
-2.89306889,0.40170764
-2.89436839,0.38708053
-2.89623296,0.38144213
-2.89564763,0.39278
-2.90038387,0.38773947
-2.90200412,0.38685894
-2.9039027,0.38887739
-2.90480512,0.38755465
-2.90488899,0.38380481
-2.90533708,0.37422054
-2.88863235,0.37549714
-2.88341619,0.38387902
-2.89102889,0.38016677
-2.87357903,0.38552485
-2.86727169,0.38755091
-2.86166334,0.38750154
-2.85869681,0.37070525
-2.71085277,0.30649315
-2.71249591,0.30913929
-2.86554297,0.38168886
-2.86482833,0.38077993
-2.85576774,0.38299894
-2.84383572,0.37382286
-2.828347,0.3840548
-2.68698854,0.32609669
-2.69487164,0.33241395
-2.69173623,0.33206443
-2.69035046,0.32737462
-2.69425655,0.33265379
-2.6994056,0.33646828
-2.72802468,0.40084109
-2.69851504,0.33795019
-2.71933778,0.40018132
-2.71890109,0.35614175
-2.71451018,0.34309835
-2.7288874,0.15484817
-2.73159642,0.10476056
-2.73362483,0.1029118
-2.74157319,0.08216943
-2.74895309,0.12398661
-2.72770249,0.36530979
-2.72483735,0.33864655
-2.73149393,0.38999228
-2.69990912,0.3282594
-2.69346434,0.33289939
-2.69043255,0.33446394
-2.71747424,-0.22072126
-2.71534549,-0.23362646
-2.71886029,-0.24536662
-2.72487289,-0.26069035
-2.72308511,-0.24802121
-2.72116944,-0.2455592
-2.69485102,-0.23321812
-2.68457636,-0.2196924
-2.68932991,-0.27044837
-1.0841564,-0.56776685
-1.05327219,-0.59195518
-1.0250271,-0.61823971
-1.00677535,-0.63173803
-0.97969503,-0.6507546
-0.97244239,-0.65368229
-0.94515055,-0.66603744
-0.9275253,-0.67362511
-0.90409122,-0.68463809
-0.90150416,-0.68494339
-1.02982648,-0.67263949
-1.030539,-0.67401355
-1.0343057,-0.67343993
-1.04015973,-0.67387535
-1.04248572,-0.67411364
-1.04048017,-0.67502371
-1.03188857,-0.68687109
-1.03230561,-0.69093434
-1.03235622,-0.70500716
-1.03392213,-0.71027597
-1.03665853,-0.71319336
-1.03671727,-0.72460174
-1.03866717,-0.71779109
-1.04207971,-0.71439879
-1.035712,-0.71702819
-1.03292585,-0.71643327
-1.03698792,-0.7151155
-1.03700043,-0.71769843
-1.03854783,-0.71969636
-1.03422017,-0.72090572
-1.03169147,-0.71472655
-1.03227716,-0.71836314
-1.03383818,-0.71113802
-1.03272066,-0.71371209
-1.03100246,-0.7141872
-1.02699492,-0.7155642
-1.02439405,-0.71623261
-1.02086526,-0.71698793
-1.0251499,-0.70987721
-1.02663047,-0.7120135
-1.03064846,-0.70615612
-1.02797557,-0.70748571
-1.02902603,-0.71060554
-1.02961458,-0.71945386
-1.02827328,-0.72329507
-1.02876118,-0.71718631
-1.03158027,-0.71565971
-1.0320869,-0.71747337
-1.03320819,-0.71410399
-1.03081051,-0.70734199
-1.02990232,-0.70771963
-1.03250075,-0.70257652
-1.0283808,-0.70251939
-1.02868948,-0.70526071
-1.03421934,-0.6988204
-1.0320377,-0.70245458
-1.03468511,-0.70154691
-1.03605514,-0.69730102
-1.03505815,-0.6934192
-1.03724437,-0.69528155
-1.03917973,-0.69460041
-1.0396059,-0.69431248
-1.0363801,-0.69063057
-1.04126744,-0.69299959
-1.04226864,-0.68946223
-1.04185354,-0.69022545
-1.04045585,-0.69531037
-1.0419633,-0.69730456
-1.03843247,-0.69684532
-1.03788915,-0.70063633
-1.0331428,-0.70694717
-1.03326598,-0.70202933
-1.03380292,-0.70147279
-1.03448944,-0.6942467
-1.0321425,-0.68702519
-1.03126889,-0.68608784
-1.03028055,-0.68501752
-1.02962276,-0.6849794
-1.03105637,-0.68080762
-1.03346462,-0.68265119
-1.03724156,-0.67928467
-1.03704348,-0.6803701
-1.03481033,-0.68905084
-1.03533407,-0.69312481
-1.03259503,-0.69123834
-1.03652498,-0.68611485
-1.0350853,-0.6850401
-1.03252724,-0.68575375
-1.03399753,-0.69170715
-1.03278626,-0.68824901
-1.03191038,-0.69154938
-1.03210711,-0.69336881
-1.03201243,-0.69069509
-1.02716184,-0.69236888
-1.03326211,-0.68642289
-1.03524872,-0.68805211
-1.0302934,-0.69423193
-1.03107798,-0.6917927
-1.03509797,-0.68972665
-1.03892784,-0.68913595
-1.03592112,-0.69118374
-1.03412684,-0.69260732
-1.03182141,-0.69223829
-1.02994289,-0.69142325
-1.03266219,-0.69370514
-1.03515375,-0.69660933
-1.03187203,-0.69657316
-1.02824147,-0.70177117
-1.02543691,-0.6935174
-1.02234971,-0.69502972
-1.02544298,-0.69281721
-1.02507804,-0.69423545
-1.02067386,-0.70468493
-1.02472021,-0.70041414
-1.02494284,-0.70072441
-1.027348,-0.70073921
-1.02752328,-0.69636907
-1.02810352,-0.69577169
-1.02973907,-0.68757301
-1.02739821,-0.68233193
-1.02388765,-0.68533461
-1.02385473,-0.68888418
-1.0227392,-0.68506369
-1.02741041,-0.68467352
-1.02726904,-0.68243441
-1.02429141,-0.68124008
-1.02605653,-0.68274132
-1.02637464,-0.68260896
-1.02556404,-0.68041747
-1.026164,-0.67842098
-1.02388538,-0.67462527
-1.02521177,-0.67353745
-1.02673002,-0.67364685
-1.02586724,-0.67380807
-1.02490126,-0.67726228
-1.02802914,-0.68025215
-1.02735455,-0.68122013
-1.02565992,-0.68102255
-1.0196309,-0.68989151
-1.02604143,-0.69007842
-1.02608852,-0.69438551
-1.03440452,-0.69717638
-1.03422988,-0.69820393
-1.03704303,-0.70313703
-0.92686044,-1.73637617
-0.92666226,-1.74128067
-0.93232245,-1.75386485
-2.70147037,-1.47671495
-2.70492098,-1.49714105
-2.70253228,-1.50628749
-2.70459462,-1.49684307
-2.70555151,-1.50313272
-2.70932143,-1.51022509
-2.7108538,-1.5011143
-2.70621002,-1.46991827
-2.70361215,-1.47439335
-2.69934342,-1.41518115
-2.70275886,-1.44066134
-2.70683667,-1.43772205
-2.6996846,-1.39108563
-2.70277648,-1.3775237
-2.70050806,-1.3750408
-2.70750575,-1.35164829
-2.70593277,-1.34416703
-2.70313954,-1.32631173
-2.69875519,-1.27628314
-2.69844148,-1.27828585
-2.7040033,-1.2726421
-2.69983492,-1.28465688
-2.70165915,-1.28227343
-2.70606197,-1.30101651
-2.70350703,-1.30718433
-2.70776139,-1.32255457
-2.71550207,-1.32600012
-2.71920312,-1.33836706
-2.71734872,-1.34886673
-2.71328679,-1.36187754
-2.70780468,-1.36856931
-2.70627572,-1.38289906
-2.71300365,-1.41927
-2.72650642,-1.46183101
-2.72158923,-1.47721159
-2.72198761,-1.3168317
-2.73551056,-1.34168938
-2.71458737,-1.92141209
-2.70765926,-1.9273515
-2.69968296,-1.94812726
-2.6965089,-1.96094509
-2.69299274,-1.98958211
-2.69355531,-2.004049
-2.6851761,-2.03133913
-2.68351479,-2.05642978
-2.67785656,-2.07651623
-2.68088921,-2.08118352
-2.67394978,-2.10856277
-2.67579186,-2.1268373
-2.67701246,-2.14430054
-2.65561045,-2.2181903
-2.67423893,-2.21758304
-2.66299838,-2.24077993
-2.65179778,-2.23081857
-2.65644493,-2.21550838
-2.63166079,-2.21254626
-2.6450759,-2.20465753
-2.6532745,-2.15361496
-2.64455004,-2.162719
-2.65006492,-2.11499807
-2.65459335,-2.07342558
-2.65048693,-2.04662446
-2.63943948,-2.05104182
-2.64261786,-2.05020865
-2.65048672,-2.04666831
-2.64259159,-2.06134929
-2.64553387,-2.06638021
-2.63506244,-2.08405792
-2.63570475,-2.09889866
-2.63254317,-2.12445527
-2.64106246,-2.13113578
-2.62736865,-2.17226598
-2.63326599,-2.17834155
-0.65636144,-1.39714283
-0.64962131,-1.38063094
-0.61933678,-1.32483165
-0.61324134,-1.3112144
-0.59599703,-1.2756993
-0.57526472,-1.238108
-0.55305328,-1.20703467
-0.54153988,-1.19307277
-0.51541493,-1.14741033
-0.51140889,-1.13758698
-0.49147336,-1.1002033
-0.47475278,-1.07545214
-0.45119937,-1.03925425
-0.41466942,-0.98381502
-0.40476127,-0.97116001
-0.39309038,-0.94787419
-0.36886641,-0.91289651
-0.36402556,-0.89819157
-1.03142501,-0.66296746
-1.03034229,-0.65467777
-1.03073353,-0.65178122
-1.03203559,-0.65191427
-1.03114406,-0.64806767
-1.03190253,-0.65517167
-1.03356085,-0.65042779
-1.03390116,-0.65745875
-1.04221943,-0.66363926
-1.03939278,-0.6597155
-1.04289602,-0.66509011
-1.04189733,-0.67136376
-1.03069888,-0.66663581
-1.0386256,-0.66957334
-1.04490822,-0.66626086
-1.04445494,-0.66036155
-1.03827229,-0.65684841
-1.04019435,-0.6597207
-1.0430735,-0.66208731
-1.03923436,-0.64535715
-1.0361434,-0.64699975
-1.04142022,-0.6683607
-1.04177169,-0.66795808
-1.03665149,-0.66913057
-1.03453167,-0.66819928
-1.03391903,-0.67041281
-1.03766521,-0.67652773
-1.03985112,-0.67779991
-1.03866098,-0.67866846
-1.03106201,-0.67505515
-1.02936138,-0.6760113
-1.0297437,-0.67906754
-1.03591435,-0.67877288
-1.03224197,-0.67902022
-1.03945023,-0.68596554
-1.04263236,-0.6857427
-1.03919891,-0.68305308
-1.04462305,-0.68792656
-1.04480582,-0.68963901
-1.04544291,-0.68919809
-1.04095197,-0.69053755
-1.04445259,-0.69300303
-1.03962421,-0.68913764
-1.03946937,-0.69127328
-1.03848167,-0.69017537
-1.04015884,-0.68981491
-1.04068757,-0.68926492
-1.04702841,-0.69121182
-1.02891595,-0.68863937
-1.02348118,-0.6931658
0.15854539,0.11686747
0.1568828,0.11910438
0.16361059,0.13597204
0.167398,0.14104224
0.16877862,0.1511052
0.17382436,0.16285576
0.1709923,0.17320513
0.17127187,0.18215911
0.16568148,0.19206541
0.16769748,0.20199217
0.15928495,0.21205604
0.15629795,0.21813135
0.14958836,0.2279184
0.15064825,0.23304087
0.14450196,0.24312523
0.1331367,0.25018559
0.1283669,0.25783202
0.12505347,0.26507009
0.11877519,0.26968047
0.11711173,0.27005054
0.11976221,0.26894714
0.1203853,0.26721456
0.12787413,0.26780749
0.12956378,0.26615215
0.14612921,0.26472571
0.15282754,0.2618319
0.16229144,0.25775023
0.16779995,0.2542343
0.17849579,0.25148375
0.18277513,0.24729285
0.19250773,0.24609887
0.19490635,0.24377219
0.20519212,0.23992748
0.21043271,0.23740348
0.21226515,0.22906318
0.21221359,0.22581441
0.21560821,0.21526579
0.21792858,0.20895211
0.22424576,0.20202151
0.22476372,0.19769151
0.22901575,0.19107491
0.2317465,0.19212155
-0.38621824,0.23262423
-0.38581696,0.22797248
0.22928759,0.17850829
0.22483981,0.17593857
0.22093202,0.17777171
0.21614775,0.17389609
0.20992455,0.16732402
0.20370508,0.15788436
0.20001827,0.14062989
0.19714872,0.13201866
0.19505844,0.11966806
0.19146093,0.10018421
0.18598194,0.0765476
0.18636352,0.06849507
0.18585751,0.04607378
0.18625998,0.02119117
0.19097648,0.00154987
0.18872289,-0.00739483
0.19046051,-0.03528013
0.19058359,-0.04174949
0.01020359,-1.95391202
0.01107116,-1.96342929
0.01157464,-1.96817777
0.01588764,-1.95640013
0.00498269,-1.95646692
0.00624352,-1.95459222
0.00730473,-1.95706163
0.00083038,-1.96366196
0.00595268,-1.95621791
0.00569818,-1.95310202
0.00200195,-1.96211735
-0.00248942,-1.9627069
-0.00422823,-1.95885964
-0.00459062,-1.95885179
-0.00699159,-1.95791708
-0.01498512,-1.9564231
-0.02035552,-1.95607599
-0.02026716,-1.94318602
0.09509306,-0.31561611
0.09353054,-0.32019249
0.09282485,-0.33342231
0.08871939,-0.34286974
0.08900514,-0.36014103
0.08964914,-0.36419123
0.09428987,-0.37504932
0.09811057,-0.38186787
0.10022736,-0.39315999
0.10397756,-0.39950548
0.11086124,-0.4126719
-0.01112255,-1.94870726
-0.00915486,-1.9474295
-0.00191036,-1.94402811
0.00264033,-1.94532486
0.02751673,-1.94617985
0.02684807,-1.95304747
0.04137601,-1.95344181
0.04804207,-1.95496485
0.05934251,-1.94342692
0.05484778,-1.93617816
0.04849032,-1.93432811
0.05150584,-1.93258116
0.04621048,-1.93326755
0.05098262,-1.93153168
0.05267381,-1.92224978
0.04729797,-1.92724087
0.05076687,-1.92475857
0.04983926,-1.92908283
0.04378955,-1.92363539
0.04103871,-1.92861725
0.04771909,-1.9259373
0.04395347,-1.92502763
0.04145497,-1.92107561
0.04162243,-1.92005472
0.04380131,-1.9176403
0.03836215,-1.92042131
0.04574192,-1.92341474
0.04904131,-1.91891929
0.05675223,-1.90354075
0.05211712,-1.90856948
0.04684153,-1.8981287
0.05052052,-1.89371424
0.04725325,-1.89474846
0.05450807,-1.89021524
0.05487216,-1.89374652
0.05666045,-1.89688056
0.05451281,-1.89643429
0.05054975,-1.90296695
0.05294356,-1.88775638
0.05688858,-1.89170513
0.04902967,-1.88637112
0.0456281,-1.89576116
0.04485144,-1.89598752
0.04438641,-1.88542445
0.0439835,-1.88521735
0.04313987,-1.89223823
0.04194438,-1.89027757
0.04263439,-1.88395612
0.04672637,-1.88581614
-1.07364722,-0.68529819
-1.0664849,-0.68129042
-1.05556561,-0.6840984
-1.05865273,-0.68079722
-1.0536322,-0.68468991
-1.05356972,-0.68503938
-1.05061152,-0.68751098
-1.04966135,-0.68398046
-1.04685271,-0.68230432
-1.04765208,-0.6868716
-1.04472651,-0.68869939
-1.04402537,-0.68951342
-1.04135367,-0.69130856
-1.0426684,-0.68947131
-1.04905053,-0.68902331
-1.04877363,-0.68892153
-1.04901396,-0.68772033
-1.04816846,-0.68552818
-1.05222956,-0.68330874
-1.06652051,-0.67361375
-1.05815666,-0.68293613
-1.05848359,-0.68180822
-1.05734869,-0.67787429
-1.05038896,-0.68040533
-1.049696,-0.67437316
-1.03715219,-0.68399584
-1.0496517,-0.67211869
-1.04598692,-0.67644929
-1.04066371,-0.68437146
-1.04441388,-0.67421444
-1.04118474,-0.67307764
-1.03523792,-0.67458951
-1.03299914,-0.67885109
-1.03209481,-0.67534328
-1.03321311,-0.68006755
-1.02884076,-0.67831294
-1.03215993,-0.67466489
-1.0282274,-0.68755651
-1.02643923,-0.68543479
-1.02211648,-0.69709023
-1.02160282,-0.70737152
-1.0220708,-0.70490959
-1.02236479,-0.70699271
-1.02042578,-0.70900474
-1.02162686,-0.70772456
-1.02086619,-0.71075934
-1.02305762,-0.7055981
-1.022431,-0.70983653
-1.0223341,-0.71254096
-1.01773548,-0.71490237
-1.01718892,-0.71132047
-1.01474886,-0.71576777
-1.01219926,-0.71982477
-1.01975812,-0.71862673
-1.02005945,-0.72736212
-1.02200386,-0.72215628
-1.02106074,-0.72552522
-1.01450424,-0.72936614
-1.01427764,-0.72584784
-1.01445582,-0.72075372
-1.01865324,-0.71997963
-1.01970716,-0.72425978
-1.01704928,-0.72285755
-1.01588448,-0.72401612
-1.01773936,-0.72393123
-1.01482118,-0.72146889
-1.0147017,-0.72139402
-1.01709963,-0.71888427
-1.0159594,-0.72104328
-1.01703696,-0.72248278
-1.01717004,-0.72041616
-1.02169215,-0.71555252
-1.01806241,-0.71585126
-1.01591628,-0.71968691
-1.01800023,-0.71756566
-1.01645073,-0.72047541
-1.01678164,-0.71674208
-1.01570588,-0.71218497
-1.01786426,-0.70936731
-1.01962508,-0.70727288
-1.02050032,-0.70546391
-1.01936264,-0.7081499
-1.02090645,-0.7115525
-1.02306185,-0.71038598
-1.02129197,-0.71372277
-1.0231237,-0.70816103
-1.02517158,-0.70566527
-1.01881239,-0.70697015
-1.01695386,-0.70635968
-1.01626764,-0.70930417
-1.01691717,-0.70188324
-1.01341165,-0.70304775
-1.01461828,-0.70374566
-1.0138627,-0.70373755
-1.01735928,-0.69935641
-1.01414066,-0.70292797
-1.01775078,-0.70040249
-1.02054589,-0.70007304
-1.01874622,-0.70567084
-1.02129397,-0.69917194
-1.01984187,-0.70572686
-1.02055208,-0.6988187
-1.01865066,-0.69521688
-1.01459341,-0.70035241
-1.01635161,-0.70054334
-1.02032451,-0.70293317
-1.01737191,-0.70298992
-1.01260699,-0.70574973
-1.01330097,-0.70397933
-1.01641187,-0.70995377
-1.01659296,-0.7107378
-1.0187186,-0.70832074
-1.02018369,-0.71195054
0.35621671,-0.31469822
0.35463383,-0.31420265
-1.03149951,-0.71955571
-1.03411234,-0.71677353
-1.03048169,-0.71667027
-1.0321904,-0.71678898
-1.03520152,-0.71426852
-1.03278526,-0.71142808
-1.02888085,-0.71176269
-1.02926439,-0.70744215
-1.02669581,-0.70539313
-1.02648532,-0.70475448
-1.02980841,-0.70369066
-1.03468574,-0.70167325
-1.03943681,-0.6950259
-1.03182801,-0.6994302
-1.03015918,-0.69622307
-1.03470602,-0.6948005
-1.04098957,-0.69952456
-1.04266529,-0.70457231
-1.03480632,-0.70778465
-1.04000823,-0.7072594
-1.0281309,-0.70465504
-1.0234422,-0.70165484
-1.01176636,-0.70772477
-1.00841387,-0.70770604
-1.00424054,-0.70979664
-1.0077471,-0.7093218
-1.00594498,-0.71654879
-1.00235652,-0.71668566
-0.99264947,-0.7209678
-0.99528005,-0.72276047
-1.00086763,-0.72504178
-1.01043151,-0.71577479
-1.01392405,-0.71976195
-1.01203586,-0.72684698
-1.01605289,-0.7240936
-1.01093386,-0.73086289
-1.01413437,-0.7301922
-1.01497574,-0.72242099
-1.01483702,-0.71714835
-1.01225542,-0.7160159
-1.00322222,-0.70953297
-1.00591334,-0.70438604
-1.00364375,-0.70495505
-1.01483495,-0.706318
-1.01387237,-0.70284469
-1.01283967,-0.7028892
-1.01465718,-0.70587404
-1.02455891,-0.70238299
-1.02511093,-0.70540809
-1.02406962,-0.7060442
-1.02439199,-0.70965665
-1.02831789,-0.71198207
-1.02902421,-0.70934122
-1.02485194,-0.70554756
-1.02985222,-0.7018427
-1.03305069,-0.69580215
-1.03836421,-0.69458611
-1.02990536,-0.7022418
-1.02851543,-0.70325337
-1.0274081,-0.70725491
-1.02747744,-0.70638051
-1.02870466,-0.71020529
-1.02918652,-0.70864184
-1.01815657,-0.70768009
-1.01312073,-0.71153036
-1.01484101,-0.7107752
-1.01444893,-0.71217383
-1.01346999,-0.71080102
-1.00904893,-0.71200769
-1.01128224,-0.71146789
-1.00874516,-0.71075232
-1.00288956,-0.72004853
-1.00781749,-0.71829544
-1.01291774,-0.72022103
-1.00385186,-0.71992947
-1.00574192,-0.71880526
-1.00760999,-0.71307279
-1.01376313,-0.71671567
-1.01083753,-0.71840833
-1.00222898,-0.72191049
0.39281887,-0.31405689
0.39429956,-0.31543648
0.38694497,-0.31854857
0.38787285,-0.31660055
0.37951777,-0.31501779
0.38118333,-0.31363254
0.38576201,-0.3083505
0.37447499,-0.3064293
0.37651402,-0.30136887
0.37917204,-0.30172712
0.37396506,-0.30575837
0.37351053,-0.3123105
0.36964027,-0.31724016
0.3597783,-0.31561223
0.35761096,-0.31994386
0.3554976,-0.32141558
0.35941753,-0.31949475
0.36379766,-0.31989127
0.3701098,-0.31482326
0.37073563,-0.31479061
0.37279796,-0.30982395
0.36938804,-0.30882051
0.36383921,-0.30969971
0.36050634,-0.31059377
0.35502277,-0.31233481
0.35084748,-0.3107715
0.35116557,-0.31536406
0.35319806,-0.31859681
0.35298445,-0.31624383
0.34457235,-0.31408471
0.34691752,-0.31602843
0.34795898,-0.31610228
0.34850208,-0.31864878
0.34771483,-0.31624093
0.35003774,-0.31381074
0.35741932,-0.30878427
0.36469103,-0.31058678
0.36785009,-0.31523813
0.37668765,-0.314991
0.37471105,-0.31070891
0.37483072,-0.31089681
0.38447561,-0.30836255
0.39127264,-0.31158998
0.38262917,-0.32046285
0.39012364,-0.31378691
0.39958402,-0.31768543
0.3872222,-0.32059526
0.37238379,-0.31798404
0.37341077,-0.31829387
0.37057143,-0.3214406
0.37091327,-0.31424956
0.36448967,-0.31189309
0.36251235,-0.31354004
0.35820096,-0.31895166
0.3517763,-0.31870395
0.35331553,-0.32392823
0.34903461,-0.3265092
0.35207875,-0.3318665
0.34970479,-0.32709363
0.34918005,-0.32273237
0.34938464,-0.32053142
0.3518938,-0.31922266
0.35167651,-0.31547948
0.34639987,-0.30891246
0.34428889,-0.30914833
0.34128227,-0.3081259
0.34734275,-0.31594376
0.34723132,-0.31453201
0.35778353,-0.31378412
0.35563387,-0.31635383
0.34934697,-0.31014733
0.3501954,-0.3090784
0.3473052,-0.3069999
0.34706927,-0.30311291
0.34302693,-0.29645053
0.34444793,-0.30229993
0.34437489,-0.30456161
0.34384967,-0.30201116
0.35129938,-0.31363863
0.35389565,-0.31651536
0.36284963,-0.30306748
0.37182953,-0.30336339
0.36990815,-0.30844644
0.3849748,-0.29984149
0.38535892,-0.30975021
0.37951342,-0.30941757
0.36545471,-0.31437858
0.38910257,-0.31138782
0.3995522,-0.29986463
0.37452559,-0.30799526
0.36889763,-0.30396696
0.38648492,-0.29850006
0.39581919,-0.28484096
-0.55089003,0.96666718
-0.51759652,0.96089141
-0.49241262,0.95530757
-0.44778163,0.94231286
-0.41546581,0.93721469
0.38200298,-0.29210099
0.38881199,-0.29249734
0.38523701,-0.30038883
0.37257434,-0.29795249
0.3721521,-0.28778728
0.36285963,-0.2813216
-0.17274786,0.9097172
-0.1672372,0.91209233
-0.15863027,0.9221395
-0.15742979,0.92807757
-0.15846401,0.94137985
-0.1613084,0.9523965
0.65833618,0.85604432
0.65605805,0.86435284
0.65338999,0.87372669
0.65494224,0.873259
0.66667278,0.87441729
0.67247327,0.87298124
0.6822434,0.88647219
0.68205766,0.87733518
0.68613785,0.87756143
0.70436174,0.88556601
0.6968902,0.88076732
0.68705351,0.88062695
0.67417743,0.87899849
0.67070054,0.88353397
0.65484664,0.87083971
0.63420354,0.86421676
0.6326388,0.8533009
0.63629404,0.85211424
0.63421748,0.85665973
0.63655449,0.86065906
0.64200512,0.87128925
0.64889168,0.87688375
0.65102166,0.88025149
0.6494807,0.87785539
0.64823515,0.89007654
0.64926705,0.88972946
0.65436762,0.88021054
0.65434015,0.86337521
0.65840154,0.85593684
0.65914589,0.86797996
0.66973478,0.87022246
0.67479769,0.86507278
0.69170923,0.86856596
0.68335868,0.86805783
0.68132508,0.87164956
0.68596318,0.87153012
0.67689428,0.87232294
0.67386468,0.87399759
0.668568,0.865826
0.66892418,0.87030772
0.66471283,0.86253654
0.66577406,0.86659713
0.67166502,0.85563066
0.67094672,0.85024257
0.67874915,0.84981088
0.68075697,0.85104022
0.68002113,0.84793629
0.67349028,0.84290644
0.67444966,0.83494068
0.6690321,0.8330206
0.67053981,0.83221626
1.97905677,0.70709176
1.99209947,0.61995847
2.01559699,0.63184946
1.95863247,0.57417642
1.94063589,0.57921986
1.92852197,0.52843495
1.92345759,0.48356142
1.91680152,0.50400223
1.90753056,0.43590476
1.89339582,0.39746137
1.899201,0.42810263
1.88055027,0.42845048
1.89195198,0.43813418
1.90182204,0.46366135
1.89879951,0.4711608
1.89267555,0.48593009
1.88533634,0.48591532
1.89130867,0.50889149
1.88972224,0.52090883
1.89055773,0.54329216
1.88927396,0.54448162
2.08390453,0.79793042
2.05858689,0.79270226
2.10119085,0.7869867
2.10122021,0.76758509
2.11543747,0.77990272
2.14010805,0.7676981
2.11757066,0.77375862
2.10476582,0.78682725
2.08297119,0.79269173
2.07619757,0.79183619
2.06636413,0.79577807
2.0365705,0.80068341
1.87591872,0.59939207
1.87747305,0.56579445
1.87271267,0.6005423
2.01113224,0.80073134
1.88347693,0.5906369
2.00951271,0.7801565
1.88906346,0.5534007
1.88231731,0.57130255
1.87430411,0.52121393
1.87125807,0.53350001
1.86892501,0.54225271
1.87122381,0.52997327
1.87079163,0.56809449
1.87428579,0.55138123
1.87103608,0.54115973
1.87178518,0.56674445
1.86949849,0.5893196
1.87262658,0.5845271
1.8920201,0.53019921
1.90060434,0.51547738
1.92009565,0.49732449
2.09907326,0.77866549
2.10195881,0.80761307
2.10302162,0.82428304
2.1063323,0.84796577
2.08869192,0.8438338
2.089285,0.83326567
2.07325587,0.81590669
2.06068594,0.79349346
2.29154258,0.77690387
2.25996904,0.76640264
2.05512652,0.76762738
2.07979184,0.75885207
1.90536235,0.33463332
1.88597838,0.2891597
1.88243235,0.28594675
1.87898973,0.25855586
1.87835547,0.25253423
1.87113512,0.24516538
1.86593263,0.23943922
1.86080612,0.22959494
1.85688019,0.22890565
1.85870864,0.21955207
1.84464726,0.21635102
1.84723593,0.21819515
1.84365745,0.22887085
1.85826389,0.23801496
1.86033535,0.23742306
1.85784894,0.21769667
1.85441781,0.21389552
1.84982137,0.18511448
1.84294753,0.17186721
1.84204579,0.16235805
1.84881809,0.15435188
1.85383507,0.10254934
1.85077571,0.07007678
1.8567976,0.03257016
1.85744156,0.01992824
1.86143239,-0.00132669
1.8623829,-0.01699867
1.86283537,-0.03939059
1.87341814,-0.03244157
1.8783297,-0.02718399
1.87880821,-0.02588765
1.87529635,-0.0196037
1.87412008,-0.01737117
1.8568695,-0.00244468
1.86363821,0.00334091
1.84785303,0.00859646
1.85238461,0.00994609
1.84624841,0.03636
1.84182861,0.04963587
1.86447742,0.10376798
1.86581278,0.08962501
1.8721832,0.10588386
1.8770685,0.12455367
1.86002553,0.14744595
1.85650465,0.15618868
1.86390062,0.19657898
1.87681776,0.20594825
1.88584528,0.25673413
1.88260155,0.27577444
1.87533468,0.31589463
1.87510626,0.33678478
1.8633751,0.382157
2.4864374,0.8876208
2.46841526,0.88809055
1.84231691,0.46641086
1.86666881,0.5075415
2.48251263,0.87735404
1.85903318,0.55732868
1.86325553,0.62751552
2.45731608,0.84292885
1.84914875,0.64417127
1.8468821,0.66169386
2.46200687,0.82040091
1.85352606,0.67328275
1.85530348,0.66814873
2.48783312,0.82093306
2.4989053,0.81738381
2.50051269,0.81655739
2.51845785,0.81011062
2.52339959,0.78557509
2.54560391,0.78807043
2.54593844,0.79076899
2.52831468,0.80056687
2.57152497,0.78987603
2.58117443,0.78624447
2.54920442,0.78519852
2.56294288,0.79396197
2.57524361,0.8096121
2.61013855,0.81348842
2.60622436,0.81845167
2.59315433,0.81965124
2.59290777,0.81131466
2.55605585,0.8031412
2.5714285,0.79189077
2.57092979,0.79260815
2.57142222,0.81262879
2.59643116,0.81928026
2.5893671,0.81237214
2.58239783,0.81306456
2.56414107,0.8284109
1.82924568,0.3048019
1.84164997,0.29853064
1.84595081,0.29923681
1.83870332,0.28773245
1.83978506,0.27615912
1.84603989,0.28735308
1.84132965,0.27566055
1.8429949,0.29798736
1.84684232,0.30726357
1.84065521,0.32476341
1.83955213,0.3322064
1.84215712,0.34176529
1.84058985,0.34979129
1.84025386,0.365671
1.83951598,0.38070185
1.84619441,0.39280635
1.85104214,0.39142727
1.85683324,0.3954239
1.85615337,0.40826969
1.86000799,0.41401152
1.85555234,0.44393741
2.02166498,0.8474453
2.03056538,0.84655609
2.03720417,0.8439514
2.03700425,0.83535105
1.86846915,0.58687712
2.2324185,0.83919457
1.86538744,0.61555463
1.85848239,0.6181674
1.84561047,0.62179908
1.84375347,0.60386635
1.84846734,0.5834534
2.16172012,0.79933662
1.85435228,0.58609408
2.08697889,0.8266107
2.01670473,0.81965605
2.05862566,0.8005367
2.05215268,0.80052009
1.84894091,0.61240607
1.84891121,0.60918418
1.85016714,0.57458466
1.85939762,0.5749365
1.85940996,0.51687796
1.86502729,0.52393516
1.86188618,0.48153417
1.85572791,0.43601473
1.85913272,0.4133151
1.86153239,0.40779562
1.86470046,0.40692084
1.86676627,0.40760732
1.85979237,0.38205774
1.85490418,0.37117068
1.83495456,0.35131186
1.82282726,0.29339195
1.81421439,0.29377042
1.82902734,0.33075549
2.17910546,2.28507829
2.17756712,2.27149614
2.15541876,2.21531959
0.42684737,0.87052248
0.5052707,0.85544378
0.51828232,0.85362045
0.50931814,0.85450674
0.50226393,0.85317625
0.53570574,0.85497667
0.54973413,0.85381832
0.56020762,0.85143121
0.56864547,0.85538302
0.58716397,0.86774177
0.5892617,0.86697918
0.59279025,0.85844149
0.58998483,0.85392484
0.59821952,0.8549451
0.59566075,0.86357804
0.5933121,0.86787395
0.59476615,0.87537924
0.5994567,0.8769946
0.59213883,0.87598016
0.59496538,0.88218257
0.58796436,0.89033251
0.59247532,0.89565595
0.59553117,0.89862637
0.59882012,0.89845325
0.60244514,0.88762459
0.59752354,0.88097866
0.58510344,0.87550876
0.5785951,0.87684952
0.55814331,0.87299814
0.55262671,0.86410556
0.55875278,0.85765338
0.55787101,0.85409406
0.56763137,0.83359307
0.58550759,0.86076084
0.59424433,0.86612717
0.60433617,0.8595153
0.60110537,0.86888682
0.60619952,0.86336312
1.86759474,-0.19500647
1.85626376,-0.22547391
0.25854492,-0.26380919
0.25972171,-0.2644448
0.26782941,-0.26050427
0.27145744,-0.26065752
0.27479389,-0.26152645
0.27165042,-0.25716698
0.26976312,-0.26184629
0.26518614,-0.26208101
0.25925733,-0.26566075
0.26153778,-0.26280247
0.26059191,-0.26560794
0.26151169,-0.2666599
0.26252178,-0.27468538
0.25877958,-0.27577356
0.26409583,-0.27790092
0.26111291,-0.28226507
0.25296661,-0.29073769
0.25531549,-0.28552241
0.25994551,-0.28466215
0.26678426,-0.278832
0.27487606,-0.28146861
0.27701131,-0.28594352
0.26949542,-0.27557738
0.26502762,-0.27065161
0.25680091,-0.27027014
0.26794502,-0.25899716
0.2683199,-0.2535844
0.27419777,-0.25252757
0.27794215,-0.25573014
0.28752655,-0.26755073
0.29525598,-0.27340878
0.29069791,-0.27515387
0.29489737,-0.27842788
0.29344282,-0.27482122
0.29388954,-0.26641322
0.29220341,-0.25906449
0.29135483,-0.25881638
0.29014039,-0.26116571
0.28955742,-0.26008895
0.29120983,-0.26105001
0.29323931,-0.26249621
0.2872698,-0.26407322
0.28880409,-0.26501833
0.29121975,-0.26775401
0.29138028,-0.2687794
0.29235636,-0.25991053
0.29017553,-0.25684656
0.2939235,-0.25079101
0.29294393,-0.2468908
0.28563476,-0.24006784
0.28285874,-0.24027164
0.28389143,-0.24304624
0.28208844,-0.24792715
0.2866268,-0.24777771
0.2849521,-0.24926897
0.28601569,-0.24801849
0.28311363,-0.24733943
0.28183161,-0.23988299
0.28244033,-0.2392221
0.28234668,-0.23958954
0.28294012,-0.23983733
0.28330567,-0.24651913
0.28164742,-0.25043213
0.28358326,-0.25837906
0.28666943,-0.25445551
0.28592499,-0.25523883
0.28283094,-0.25083212
0.28614801,-0.25398831
0.28398765,-0.24845116
0.28925886,-0.24555759
0.29581242,-0.24582231
0.28843592,-0.25460198
0.28700346,-0.25532573
0.28505421,-0.24902294
0.28735478,-0.24610798
0.28597702,-0.23698406
0.28814682,-0.22821786
0.2886412,-0.22831369
0.28988596,-0.22378394
0.28885326,-0.21840324
0.28614155,-0.21944897
0.27947778,-0.22763912
0.28320565,-0.22711118
0.28280627,-0.23439353
0.28943434,-0.23208435
0.30134441,-0.23950391
0.30725824,-0.23457533
0.31598906,-0.23999951
0.32405874,-0.24207848
0.32648179,-0.24745493
0.33018541,-0.25037155
0.32444773,-0.25548267
0.32177927,-0.26091662
0.30898717,-0.263149
0.30983276,-0.27013483
0.30020297,-0.27505239
1.93659752,0.09298916
0.28695616,-0.2613341
0.28555154,-0.25747949
0.27203578,-0.24014233
0.27202296,-0.23423469
0.27374393,-0.23035181
0.28076986,-0.23210591
0.28820686,-0.2351396
0.29432633,-0.23250789
0.29398359,-0.23574506
0.29607174,-0.23587958
0.28903418,-0.23938556
0.28684125,-0.23765406
0.27924576,-0.22857085
0.27901496,-0.22720949
0.27431988,-0.23126453
0.26987147,-0.22950591
0.26943417,-0.23495244
0.27049089,-0.2384445
0.26992872,-0.2437669
0.26802495,-0.23913317
0.27038665,-0.23187978
0.27065208,-0.22971956
0.26943584,-0.22283238
0.26680315,-0.21891296
0.26075625,-0.21962809
0.26102235,-0.22174457
0.26201232,-0.22113557
0.26278222,-0.22359519
0.27236887,-0.22630826
0.27047597,-0.22412124
0.27029394,-0.23140532
0.27306989,-0.23570432
0.27685978,-0.24269829
0.26103312,-0.2467563
1.90800798,0.18282347
0.27014904,-0.23549052
0.28012959,-0.23976125
0.27420861,-0.23950827
0.26299795,-0.24170686
0.27503575,-0.23937257
0.27389238,-0.23607955
0.28456386,-0.23314493
0.2881518,-0.23467792
0.29044696,-0.24331486
0.28924824,-0.24249899
0.29734593,-0.25073927
0.29755806,-0.244603
0.29501155,-0.24793724
0.29125848,-0.24447538
0.28626553,-0.23335033
0.28173557,-0.23013513
0.2761403,-0.21861731
0.27727957,-0.21780589
0.27991394,-0.21734231
0.2843102,-0.21740434
0.2941855,-0.21731078
0.29870618,-0.21420175
0.30201421,-0.2120978
0.30637934,-0.20499504
0.30325635,-0.21779178
0.30474308,-0.21446406
0.31425335,-0.22237745
0.31269715,-0.22832579
0.30838902,-0.2298261
0.30444596,-0.22814387
0.29085939,-0.23095179
0.28489565,-0.22816694
0.29886715,-0.22770869
0.30741693,-0.23092332
0.30695245,-0.23875893
0.30680282,-0.24828599
0.30805057,-0.25243908
0.30209646,-0.24624729
1.92558191,0.34698334
0.29537707,-0.22687408
0.29202412,-0.23131722
0.28432621,-0.24690531
0.2811348,-0.25054909
0.26632064,-0.25581094
0.26470423,-0.24974253
0.26189102,-0.24974915
0.25247239,-0.25540422
0.26556371,-0.25481574
0.27235458,-0.25110756
0.27648359,-0.25185284
0.27618812,-0.25211069
0.27592005,-0.24939454
0.26527064,-0.24817201
0.26854751,-0.25360774
0.2609997,-0.2583494
0.26015111,-0.25134556
0.25873598,-0.25862394
0.26950064,-0.25794669
0.27368657,-0.2629369
0.29117994,-0.26571546
0.29789742,-0.26876177
0.30848722,-0.26514619
0.32052474,-0.25771952
0.31146402,-0.2512157
0.30318496,-0.25023268
0.29743272,-0.24765828
0.29487026,-0.24397037
0.30709604,-0.25501018
0.30245364,-0.2588609
0.30553553,-0.25921315
0.30428222,-0.26301045
0.31045165,-0.2480223
0.31143154,-0.23882752
0.31197594,-0.23744826
0.30597872,-0.23375052
0.31130116,-0.23035898
0.31916583,-0.2258089
0.32454797,-0.22641387
0.32026029,-0.22889716
0.31822072,-0.22809899
0.31356335,-0.24014479
0.31489009,-0.24511097
0.33024902,-0.25196156
0.33204341,-0.2529834
0.32734138,-0.25381383
0.32492338,-0.2619219
1.95876573,0.2245456
0.31115438,-0.26528127
0.30859033,-0.2650927
0.29635482,-0.25880557
0.29805219,-0.26120079
0.2929899,-0.24817688
0.29418712,-0.24548457
0.28962129,-0.24910298
0.28861267,-0.25633599
0.27583083,-0.26580416
0.27108723,-0.25893765
0.23453808,-0.2535793
0.24593543,-0.24333654
0.25435958,-0.24510937
0.2678743,-0.24779815
0.27543361,-0.24303166
0.27371243,-0.24917453
0.27842305,-0.249026
0.28222709,-0.24899241
0.28849615,-0.25718161
0.29106229,-0.25395235
0.29302882,-0.25588817
0.29311125,-0.25259357
0.29935659,-0.25946053
0.2955255,-0.25479152
0.29350146,-0.25346973
0.2888661,-0.25787341
0.28523335,-0.25511868
0.2809369,-0.26059863
0.28639292,-0.26664048
0.28695657,-0.25976435
0.29908534,-0.26630067
0.31251702,-0.26409414
0.32012839,-0.25346318
0.32283252,-0.24743497
0.31864316,-0.24544659
0.32274147,-0.24865956
0.30792897,-0.2524445
0.30553176,-0.25716807
0.29242802,-0.25838638
0.29392369,-0.25682687
0.31154868,-0.26150583
0.30960788,-0.25510875
0.30247233,-0.24995487
0.30094335,-0.25418552
0.28923074,-0.25507283
0.29379287,-0.26086287
0.29667761,-0.26467521
0.29913063,-0.25978904
0.29993376,-0.26884624
0.30337509,-0.25997375
0.30575662,-0.26639691
0.29727634,-0.25436339
0.29840779,-0.25293974
0.29526553,-0.26039051
0.29846474,-0.26820063
0.29613847,-0.258955
0.29921123,-0.25573093
1.43506549,-1.50254227
1.43527661,-1.50328682
1.43817314,-1.50637628
1.43753861,-1.50213749
1.43407378,-1.48367797
1.42986587,-1.48080142
1.43372696,-1.48209035
1.42944882,-1.48316903
1.43142541,-1.48097881
1.43296319,-1.48471075
1.43357465,-1.48507596
1.43181189,-1.4844078
1.42790889,-1.48177361
1.42228281,-1.48323534
1.42501783,-1.48779221
1.42347807,-1.50079365
1.43141962,-1.52437133
1.43852003,-1.52392167
1.45542546,-1.52520933
1.46361181,-1.53027409
1.46251808,-1.50941667
1.45670763,-1.50049785
1.44813742,-1.48884916
1.45171736,-1.49385227
1.45208924,-1.49691386
1.45958961,-1.50302533
1.47176528,-1.51233513
1.48133935,-1.51409966
1.47850627,-1.50266196
2.19366121,-1.67993723
1.77675521,-1.65685494
1.7816451,-1.24587522
2.09516972,-0.05121638
2.0422436,-0.04929262
1.99226785,-0.04762594
1.98917466,-0.04759666
1.98307103,-0.04615282
1.99716301,-0.04271494
2.00248096,-0.03426814
2.01014764,-0.02634939
1.98431655,-0.02990732
1.98550318,-0.01822983
1.42462824,-1.43514696
1.41905563,-1.43135832
1.39555048,-1.42767781
1.40297042,-1.44036434
1.40742764,-1.4584261
1.40105963,-1.46751296
1.39641961,-1.48868054
1.41405819,-1.49217239
1.39732548,-1.50369972
1.41273955,-1.50336568
1.42478832,-1.49867371
1.96138532,-0.11678847
1.97370659,-0.16196526
1.43396313,-1.51282005
1.97213689,-0.20499371
1.42254879,-1.53143732
1.43972436,-1.51441648
1.42053632,-1.52650273
1.44054599,-1.51307755
1.43235077,-1.51494924
1.43505571,-1.51081051
1.43059382,-1.51223719
1.44000959,-1.51213013
1.43843848,-1.50846613
1.43448998,-1.50142858
1.43223047,-1.49997106
1.44290283,-1.49396175
1.435637,-1.49394703
1.43952356,-1.49050918
1.45015105,-1.49022245
1.44085393,-1.48618356
1.94966111,-0.85161887
1.93577028,-0.88465712
1.92862212,-0.88044274
1.93941043,-0.88768797
1.92474192,-0.889621
1.95629059,-0.90386139
1.95725262,-0.91039235
-0.34712268,-1.19420678
-0.3722056,-1.18043531
-0.4107264,-1.15162197
-0.43285508,-1.1324626
-0.46530331,-1.10228907
0.03957411,-1.8448934
0.0362103,-1.85921014
0.03736554,-1.86710408
0.02984165,-1.8609225
0.03091672,-1.85933013
0.02978147,-1.86514434
0.03637762,-1.86625696
0.02481005,-1.8366847
-0.61672923,-0.88618708
0.34608199,-0.25334867
0.34229582,-0.24468579
0.35117284,-0.23656162
0.35656314,-0.24484804
0.35924373,-0.24854901
0.35887923,-0.24944885
0.34915161,-0.26117446
0.34672509,-0.26902376
0.34060361,-0.2725048
0.34396295,-0.27150466
0.34475131,-0.26583643
0.34808158,-0.26486831
0.35729921,-0.26686532
0.35953973,-0.26405852
0.36997672,-0.2524406
0.37145827,-0.2417329
0.37042183,-0.23333643
0.37044163,-0.22973096
0.36634615,-0.23936665
0.36710968,-0.23789839
0.36257886,-0.24444171
0.36574776,-0.23994
0.36211932,-0.23741847
0.36366312,-0.2331439
0.35344192,-0.23798044
0.35522963,-0.23745346
0.34731614,-0.24517621
0.3479038,-0.24747941
0.34577225,-0.25514499
0.34828176,-0.26240935
0.34240898,-0.2740015
0.34535992,-0.27992578
0.33973072,-0.28482128
0.33884098,-0.28409149
0.32759288,-0.28251193
0.32369098,-0.28353462
0.34365723,-0.28092624
0.35107111,-0.2830345
0.35610805,-0.28207082
0.34937995,-0.27754382
0.34057255,-0.27393502
0.33830476,-0.27385765
0.34038101,-0.26604619
0.34304653,-0.26553373
0.34509296,-0.26418952
0.3449545,-0.26865632
0.35294434,-0.25955139
0.35038162,-0.2597921
0.36160025,-0.25579538
0.3618385,-0.25202699
0.35266166,-0.24717077
0.34525641,-0.25067906
0.35023327,-0.25371968
0.34222045,-0.2657318
0.3415986,-0.27601362
0.34480784,-0.28285608
0.34743976,-0.28978173
1.99967537,-0.04971285
1.98713936,-0.0487713
1.98901339,-0.0579604
1.97725068,-0.05425857
1.97342104,-0.05646874
1.96818425,-0.0603829
1.96677029,-0.05765062
1.96650894,-0.05932949
1.96713566,-0.06264157
1.96238574,-0.06758772
1.96822426,-0.07269292
1.96954647,-0.07096159
1.96571277,-0.06069836
1.96157718,-0.04644569
1.96117909,-0.04439797
1.96138451,-0.03372681
1.96064849,-0.02991506
1.95911226,-0.0391677
1.95972887,-0.04248505
1.96164687,-0.04542924
0.32667564,-0.28127401
0.32506375,-0.27603964
0.32323334,-0.2761584
0.31976631,-0.27367068
0.32705723,-0.27602163
0.32573798,-0.27738143
0.33445325,-0.28295228
0.33676099,-0.28306809
0.34017982,-0.27992377
0.34153778,-0.28021256
0.34343525,-0.27918607
0.35239809,-0.27924413
0.34206465,-0.27808066
0.3408172,-0.27671147
0.33763309,-0.27635407
0.33710136,-0.27592349
0.33643442,-0.26819131
0.33422204,-0.27005057
0.33598097,-0.26792489
0.33415742,-0.26862067
0.3310772,-0.26586548
0.32671632,-0.26336891
1.95417077,-0.03061466
1.95526009,-0.03383888
1.95466843,-0.0430633
1.94698271,-0.04847302
1.94098308,-0.0546427
1.94763825,-0.07929659
1.94414518,-0.09875473
1.94162436,-0.11045178
0.30801152,-0.29981843
0.31067518,-0.29999374
0.31475386,-0.29240424
0.31370031,-0.28823165
0.31306273,-0.28386463
0.31448893,-0.28012133
0.31690582,-0.27838095
0.29410272,-0.29940715
0.31602393,-0.2845535
0.31003198,-0.29266871
0.31657961,-0.29117471
0.31105566,-0.2933311
0.31616091,-0.29201133
0.31607265,-0.29577188
0.32138683,-0.29493424
0.32452616,-0.29448178
0.32575076,-0.28764284
0.32884442,-0.28294797
0.32389506,-0.27169755
0.31810045,-0.27500314
0.31887029,-0.27896994
0.32234628,-0.27834063
0.31859754,-0.28152481
0.32044663,-0.27926232
0.31897402,-0.27665138
0.32157426,-0.28017334
0.31880339,-0.29069228
0.31491831,-0.29800799
0.31692807,-0.2871335
0.30887203,-0.28882947
0.31598027,-0.28682467
0.31528301,-0.29153755
0.31835596,-0.29416385
0.32227942,-0.28986465
0.31202398,-0.29042101
0.32169047,-0.28624539
0.32508869,-0.2751876
0.32728752,-0.27732737
0.33072039,-0.2743087
0.33703026,-0.26997998
0.34305719,-0.27080385
0.3470952,-0.2698197
0.35465625,-0.26741847
0.36023205,-0.27504664
0.36500328,-0.28143837
0.36362615,-0.27792301
0.356919,-0.28086064
0.36251913,-0.28352578
0.35863416,-0.28723978
0.35545019,-0.28510697
0.35205523,-0.29053115
0.35111757,-0.28686605
0.36233729,-0.28422387
0.36008098,-0.28269527
0.36057255,-0.2807775
0.35810895,-0.2779439
0.35645847,-0.28313316
0.36422345,-0.28117776
0.36158836,-0.28088386
0.35372447,-0.27615009
0.35802389,-0.27471791
0.35308578,-0.27632228
0.35448239,-0.27519744
0.35703766,-0.27810857
0.35379132,-0.27754557
0.35121241,-0.27577901
0.3559463,-0.27919218
0.35669867,-0.27680649
0.35842224,-0.27626959
0.35080203,-0.27748772
0.35081295,-0.27979394
0.34736949,-0.2747702
0.3501137,-0.27829459
0.34370837,-0.27494545
0.34729107,-0.27602995
0.34977393,-0.27515949
0.35706596,-0.27672392
0.35798762,-0.28134451
0.35866417,-0.28295111
0.34995937,-0.28448241
0.34942893,-0.28761391
0.35087548,-0.29182175
0.35497427,-0.29009436
0.35748364,-0.28616349
0.3560591,-0.28457302
0.35412747,-0.28785113
0.35661467,-0.28991324
0.35786874,-0.28874886
0.35828695,-0.28937207
0.35984699,-0.29223193
0.35827239,-0.28791197
0.3556292,-0.28899555
0.35912834,-0.29301513
0.36392817,-0.29578611
0.36723131,-0.29194956
0.3799883,-0.29951831
0.39083972,-0.31453293
-0.62784685,-1.016118
-0.61754635,-1.02300223
0.05036668,-1.89685628
0.04965904,-1.90269687
0.05812055,-1.92258199
0.06025436,-1.92497693
0.05296665,-1.92971959
0.05139844,-1.92297307
0.05301747,-1.92457059
0.04771703,-1.92233227
0.05015309,-1.9174854
0.05071009,-1.91576872
0.0422104,-1.91736225
0.03885139,-1.91257059
0.03674945,-1.91346471
0.03735238,-1.91140268
0.03176018,-1.91372532
0.02065622,-1.91171565
0.03345916,-1.91150716
0.03259379,-1.91138733
0.02949252,-1.91460387
0.03143213,-1.91158811
0.02758743,-1.91343687
0.02830238,-1.91525168
0.0231717,-1.92338299
0.02904647,-1.91919384
0.02760624,-1.92447026
0.02882837,-1.92396081
0.04279642,-1.92304451
0.03365086,-1.92101397
0.04247036,-1.91702669
0.0376931,-1.91853006
0.03732262,-1.91991001
0.03677015,-1.92266679
0.04189235,-1.92029278
0.03734583,-1.91853652
0.04320365,-1.91456769
0.04672754,-1.91713089
0.04362894,-1.91298396
0.04665427,-1.91294652
0.04451333,-1.91090898
0.05270337,-1.91238615
0.04839839,-1.91976713
0.04662717,-1.91889475
0.05226837,-1.91750494
0.0552095,-1.91352663
0.06089862,-1.90999192
0.05456146,-1.90780269
0.06018049,-1.90464075
0.05764631,-1.90396279
0.05860317,-1.89961762
0.05262359,-1.90353129
0.0527858,-1.90325076
0.05471245,-1.90816721
0.05429956,-1.90966273
0.04871524,-1.90859202
0.05282653,-1.90916741
0.05546548,-1.90810174
0.05230371,-1.90585327
0.04996154,-1.90124405
0.05472382,-1.90275132
0.05013765,-1.89997603
0.05158969,-1.89918457
0.05120045,-1.88945184
0.05226335,-1.89359048
0.04844023,-1.88777122
0.04649114,-1.87925199
0.03898156,-1.87505676
-0.79077366,-1.11499639
-0.78983126,-1.10278862
-0.79126547,-1.09257717
-0.78499132,-1.07667186
-0.78471229,-1.07080562
-0.77953499,-1.05276727
-0.77524201,-1.04006289
-0.76726476,-1.02201873
-0.76713929,-1.01574601
-0.75510827,-0.99735749
-0.75139542,-0.98609997
-0.74502102,-0.97387205
-0.74420388,-0.97277703
-0.74008411,-0.96942484
-0.73708485,-0.96371764
-0.73112679,-0.95963123
-0.73047417,-0.9529098
-0.72733064,-0.94524918
-0.72148295,-0.94122624
-0.71738447,-0.93090358
-0.7142304,-0.92602153
-0.70755688,-0.91919077
-0.70698096,-0.91782764
-0.70490664,-0.91173032
-0.70543544,-0.90941489
-0.70266231,-0.90392013
-0.7027665,-0.90284509
0.37917606,-0.29044056
0.38164412,-0.29157471
0.38230446,-0.29557521
-0.68266864,-0.89669295
-0.67204449,-0.89806465
-0.66823133,-0.89864166
-0.65384945,-0.89912582
-0.65236049,-0.90062168
-0.64190128,-0.90406568
-0.62868425,-0.90917821
-0.61296224,-0.9139486
-0.60080548,-0.91829321
-0.58093693,-0.92501328
-0.56866777,-0.92907745
-0.5571453,-0.92739986
-0.55135485,-0.92671907
-0.53512994,-0.91302039
-0.52891252,-0.91085284
-0.51347523,-0.89424836
-0.50144646,-0.87860654
-0.4923591,-0.86127458
-0.49010051,-0.84943158
-0.48692851,-0.84026916
-0.48506057,-0.83448427
-0.48595263,-0.82944792
-0.48794039,-0.827663
-0.48936581,-0.82404579
-0.48954107,-0.82199146
-0.48462876,-0.81609476
-0.48233812,-0.81004322
-0.47939017,-0.8046336
-0.47995102,-0.80296548
-0.47913819,-0.8022806
-0.48044149,-0.80231337
-0.47737319,-0.80249749
-0.47770808,-0.80098396
-0.47343204,-0.80038888
-0.47369804,-0.79831462
-0.47150842,-0.79567163
-0.46805105,-0.7905389
-0.4571713,-0.78067144
-0.44980783,-0.77121068
-0.45020091,-0.76703093
-0.45092305,-0.76313136
-0.44902167,-0.75841694
-0.45015533,-0.75582336
-0.45110819,-0.74776643
-0.45084259,-0.74312637
-0.4510148,-0.72566174
0.35995811,-0.27449881
0.35555517,-0.26498715
0.3572185,-0.2589535
0.35401095,-0.26432303
0.3568378,-0.26534036
0.36236372,-0.26638333
0.36001453,-0.26504777
0.365975,-0.2718022
0.3649015,-0.26956135
0.37425646,-0.27642629
0.36772612,-0.28334488
-0.33316769,-0.69390651
-0.32735563,-0.69529684
-0.30207607,-0.69712047
-0.29167043,-0.69755377
-0.28364113,-0.69798472
-0.28343289,-0.69797742
-0.28472672,-0.70039352
-0.28712151,-0.6994201
-0.29850815,-0.69619773
-0.30477636,-0.69106374
-0.31308586,-0.68332678
-0.31697861,-0.67829322
0.3379994,-0.27578682
0.33779226,-0.26334676
0.33431518,-0.2556525
0.3317524,-0.25097119
0.3292831,-0.25359001
0.33312622,-0.25852541
0.33232124,-0.26419598
0.33593558,-0.26743487
0.34056616,-0.26669251
0.34200548,-0.26773417
0.34314733,-0.26691962
0.34232982,-0.26416892
0.34220364,-0.26371734
0.33847394,-0.26222205
0.33286515,-0.25680929
0.33232389,-0.26058347
0.32751846,-0.26202865
0.32305198,-0.26350396
0.33147778,-0.27176184
0.3265259,-0.27564138
0.33382208,-0.27854173
0.33557275,-0.28370171
0.3350616,-0.27947648
0.32552098,-0.27321373
0.31954256,-0.26461556
0.32384989,-0.26472219
0.32566122,-0.26617273
0.33118702,-0.2751539
0.32407322,-0.26241099
0.32328276,-0.25601448
0.34543157,-0.26183584
0.35132594,-0.25909377
0.35513628,-0.26497755
-0.51818298,-0.46410382
0.35053963,-0.27271428
-0.49386435,-0.4634089
-0.48418724,-0.46607008
-0.46942141,-0.471427
-0.46415187,-0.47363906
0.35464857,-0.27601935
0.34337335,-0.26617728
0.34791352,-0.26303993
0.33575207,-0.25614846
0.33457523,-0.24700284
0.34202892,-0.24978777
0.33953914,-0.24426531
0.33320359,-0.2530624
0.33599419,-0.24758238
0.34750792,-0.24954412
0.34864906,-0.2510793
0.35211256,-0.25740509
0.35153775,-0.26563085
0.34682019,-0.26875672
0.33317057,-0.26807913
0.31305369,-0.27647491
0.31000765,-0.27579209
0.30753793,-0.28132641
0.30055794,-0.27722981
0.29243007,-0.27363954
0.30123381,-0.27293395
0.30278495,-0.27871837
0.29573195,-0.28662677
0.29526907,-0.29369642
0.29498788,-0.29516709
0.29987201,-0.29856927
0.30092699,-0.30091048
0.31130162,-0.29834626
0.32403483,-0.29431588
0.31464871,-0.29047674
0.31318537,-0.29399993
0.32527242,-0.28783742
-0.79944768,-0.32935436
-0.83610808,-0.33219615
0.3137362,-0.29327997
0.32199257,-0.29129418
0.32015061,-0.29141306
0.31518554,-0.28719201
0.32466835,-0.28551448
0.33670447,-0.28485937
0.33299366,-0.28271023
0.33495043,-0.27952656
0.33483321,-0.27478439
0.33816721,-0.28407867
0.34063788,-0.28486245
0.33923518,-0.28419992
0.33738206,-0.28219191
0.34205943,-0.28680846
0.34418956,-0.28829148
0.34463091,-0.28990118
0.34076469,-0.29301696
0.33893404,-0.29290797
0.3356152,-0.29266469
0.33821067,-0.29487824
0.33837843,-0.29346023
0.34244447,-0.28785947
0.34451232,-0.28888909
0.34002072,-0.28333164
0.34082037,-0.28829294
0.34131408,-0.28864599
0.33673773,-0.28737828
0.33414564,-0.28973214
0.32851459,-0.28512711
0.33638682,-0.28630399
0.33817488,-0.28537915
0.34021578,-0.28394567
0.34473398,-0.28953057
0.3493345,-0.2898307
0.34828783,-0.29200994
0.34312166,-0.28542661
0.34505512,-0.28451509
0.34463879,-0.28505105
0.3471057,-0.28151026
0.34577908,-0.27688104
0.33525218,-0.27037458
0.34366141,-0.28447178
0.34369691,-0.28309596
0.33851836,-0.27827182
0.33919652,-0.27012698
-1.31023384,-0.05328737
-1.33539644,-0.02935193
-1.34580593,-0.01620586
-1.35553836,0.00102977
-1.35891222,0.00668732
-1.37269201,0.02403067
-1.37518876,0.02862014
0.28840648,1.02618798
0.28959189,1.0212967
-1.39664096,0.04635654
-1.40013242,0.04801883
-1.40487203,0.0499324
-1.41056788,0.04899546
-1.40851749,0.04751035
-1.40656337,0.04969049
-1.4061618,0.05387143
-1.40569969,0.05545317
-1.40263796,0.0652767
-1.39870409,0.06918332
-1.39428148,0.07942927
-1.39369119,0.08259795
-1.38951526,0.10151097
-1.38451023,0.10477542
-1.38036505,0.11962986
-1.37484726,0.13021812
-1.36826245,0.15392763
-1.36741881,0.1583019
-1.37730726,0.17147928
-1.38487618,0.1748415
-1.38394494,0.17830635
-1.38261392,0.17933766
-1.38124032,0.18303242
-1.37498155,0.18718676
-1.36954284,0.19467492
-1.35914329,0.20082464
-1.34490993,0.20946713
-1.33691266,0.2100518
-1.3224875,0.21668212
-1.32139528,0.21753219
-1.31688419,0.2181335
-1.3163622,0.21907806
-1.32026379,0.22528572
-1.31883828,0.22795881
-1.32410496,0.2329407
-1.32696117,0.23590828
-1.33408917,0.24169197
-1.33839053,0.24618587
-1.35046853,0.2572654
-1.35364815,0.26080658
-1.366201,0.27859664
-1.36678284,0.28714155
-1.36947016,0.29971384
-1.37000314,0.30315767
-1.36998021,0.32445521
-1.37133965,0.33640141
-1.37059844,0.3528363
-1.36589903,0.36470492
-1.35995304,0.37882184
-1.3591587,0.3838151
-1.3504332,0.39428714
-1.35292243,0.40061045
-1.35204632,0.40113394
-1.35486109,0.40203931
-1.35698637,0.4031864
-1.35786387,0.40396366
-1.36517778,0.4076474
-1.37055289,0.41001203
-1.37744496,0.41298767
-1.38209151,0.41339737
-1.38214428,0.4151376
-1.38208062,0.4148502
-1.38708193,0.41138653
-1.38598501,0.40775214
-1.38905676,0.40076406
-1.3881102,0.39679346
-1.38923774,0.39081958
-1.39394352,0.38771617
-1.39842512,0.38560415
-1.39779993,0.38528862
-1.39558585,0.38188082
-1.40054352,0.38167657
-1.40978328,0.3802063
-1.41396133,0.37929822
-1.42101786,0.38117248
-1.42513123,0.38470364
-1.43379775,0.39390727
-1.44055216,0.40010261
-1.45524784,0.40988248
-1.46376959,0.41390061
-1.48005684,0.42364156
-1.4817423,0.42587047
-1.49788742,0.43429205
-1.5078017,0.43686246
-1.51762455,0.43580971
-1.53465912,0.43815794
-1.54519052,0.43797163
-1.56201388,0.43420861
-1.58317698,0.43268485
-1.58952525,0.43097074
-1.60427702,0.42897332
-1.60855782,0.42609399
-1.62401724,0.42604137
-1.63035918,0.42517543
-1.64546795,0.42788687
-1.65240632,0.43002067
-1.66154799,0.43122912
-1.66619454,0.43316396
-1.67939798,0.44232715
-1.68241565,0.44776417
-1.68626034,0.45789364
-1.69170235,0.46233222
-1.69780589,0.46694593
-1.70410439,0.4738913
-1.71255394,0.48854125
-1.71906048,0.49613729
-1.7263675,0.5095905
-1.73013987,0.51375409
-1.03210033,0.97563954
-1.03193918,0.98022584
-1.03769069,0.97858482
-1.04466947,0.97787488
-1.04897069,0.97815324
-1.04532915,0.97589122
-1.04899382,0.98456422
-1.04730268,0.98504996
-1.04550855,0.98834869
-1.03615504,0.98517719
-1.03757567,0.98943355
-1.03654658,0.98898515
-1.03277643,0.99117969
-1.02668899,0.99326691
-1.03375211,0.9930635
-1.03371741,0.99407721
-1.03657819,0.99483873
-1.03820732,0.9962008
-1.03691935,1.01131752
-1.04033233,1.00555608
-1.04535378,0.99780942
-1.04996418,0.99777472
-1.06005975,0.99753146
-1.0536986,0.99486179
-1.04973495,0.99206254
-1.05195713,0.98975971
-1.04169827,0.98901737
-1.04198181,0.98985901
-1.04547589,0.98184349
-1.05105044,0.97863755
-1.05270809,0.97664797
-1.05456451,0.97753033
-1.05136172,0.98041304
-1.05245012,0.98313365
-1.04953023,0.98237574
-1.0513762,0.97929163
-1.05091154,0.97590091
-1.05761775,0.97640663
-1.05545472,0.97556736
-1.05353412,0.97887461
-1.05546366,0.97893804
-1.05343679,0.98396253
-1.05371149,0.98179782
-1.05859837,0.98108552
-1.05770282,0.98141158
-1.05781559,0.97764339
-1.05781207,0.97784706
-1.06080557,0.97786717
-1.05681538,0.97983987
-1.06838104,0.97829226
-1.06206684,0.97576987
-1.05787505,0.9804958
-1.0607539,0.98372945
-1.0496078,0.98375206
-1.04760265,0.98226152
-1.04681469,0.98164493
-1.04046955,0.98332761
-1.03135968,0.98756678
-1.03073554,0.98878441
-1.03662315,0.98450219
-1.04066718,0.98380172
-1.04835066,0.97759209
-1.04865495,0.97103728
-1.04670705,0.96738197
-1.0428497,0.9678708
-1.03213478,0.97053725
-1.03272906,0.96915634
-1.03467419,0.97308243
-1.03991261,0.97641246
-1.03803463,0.98816725
-1.04044586,0.98960736
-1.04091081,0.99992269
-1.04052929,0.99457961
-1.03873803,0.99043811
-1.03605438,0.98493415
-1.03593263,0.98344506
-1.03686921,0.98164269
-1.0417103,0.983957
-1.04042327,0.98432434
-1.03931908,0.98612423
-1.04089619,0.99237851
-1.04251743,0.99294766
-1.05035466,0.99169298
-1.05252654,0.99479663
-1.0486188,0.98905374
-1.04810209,0.98604335
-1.05116319,1.00033696
-1.05062334,1.001926
-1.04401705,0.99706293
-1.04132533,0.99181833
-1.03623292,0.98208332
-1.03570958,0.98205149
-1.03586253,0.978632
-1.03642988,0.97474245
-1.03569309,0.96959234
-1.03703601,0.97127806
-1.02966492,0.9673995
-1.02947966,0.96950749
-1.03130974,0.96926646
-1.0385255,0.97379505
-1.03923487,0.98263679
-1.03622597,0.98339789
-1.03774627,0.98763337
-1.0426304,0.98507035
-1.0380071,0.9894829
-1.03669277,0.98633451
-1.03171779,0.98279707
-1.0329387,0.98129786
-1.03177983,0.97354409
-1.03544773,0.97429672
-1.0374293,0.98253646
-1.03835231,0.98790663
-1.04442333,0.98252978
-1.04716413,0.97679387
-1.04488673,0.96959952
-1.0527592,0.9696062
-1.05525147,0.97191483
-1.05094185,0.97322261
-1.04368637,0.98189887
-1.04590953,0.98513486
-1.04208418,0.98625467
-1.04301816,0.98948026
-1.04738732,0.98519134
-1.04728508,0.98302116
-1.04308896,0.98039444
-1.0458608,0.98193899
-1.0507138,0.97795247
-1.05081954,0.97017674
-1.05088763,0.95824608
-1.0443305,0.9592953
-1.04884539,0.9602481
-1.05005335,0.95904355
-1.04300534,0.95434542
-1.0403498,0.95319142
-1.0385846,0.95414252
-1.03921731,0.9533765
-1.03724713,0.96078112
-1.04620739,0.96578758
-1.04889588,0.96862609
-1.0534219,0.96959553
-1.0506069,0.96950543
-1.05054323,0.97014587
-1.04634019,0.97412433
-1.0413737,0.97681998
-1.04219946,0.97751995
-1.0364469,0.98405472
-1.03509888,0.98348038
-1.04467868,0.98626934
-1.04120307,0.9895792
-1.03583003,0.98696572
-1.03664969,0.98389722
-1.03433662,0.97064698
-1.02804053,0.96801948
-1.03644113,0.96212525
-1.03754736,0.96226182
-1.03379929,0.96181028
-1.03004583,0.95961835
-1.0328408,0.96786804
-1.03020966,0.97211435
-1.03645504,0.97048097
-1.03714343,0.96435011
-1.04399005,0.96106533
-1.04010237,0.95895381
-1.04373752,0.96031383
-1.04530777,0.96415302
-1.0442595,0.96098073
-1.04290999,0.95951493
-1.03501422,0.96097409
-1.04008696,0.96347305
-1.03926994,0.96012632
-1.04551383,0.95750904
-1.05769582,0.96015846
-1.05744409,0.96020673
-1.06311088,0.95348774
-1.05820001,0.95265725
-1.04944583,0.95540347
-1.0489712,0.95886784
-1.04650418,0.9651558
-1.04031304,0.96407057
-1.0321968,0.9707808
-1.02935021,0.96936751
-1.04000754,0.96524839
-1.04624067,0.96179274
-1.05360046,0.95895099
-1.05646668,0.95711424
-1.0578834,0.96020637
-1.0596884,0.96164344
-1.05426359,0.96620351
-1.04836657,0.966753
-1.04300094,0.96922032
-1.03734983,0.96712923
-1.02527783,0.95889172
-1.022276,0.95872745
-1.01981991,0.9512003
-1.02431276,0.95015609
-1.02697881,0.94149455
-1.02690362,0.93774487
-1.0323658,0.93755763
-1.0338899,0.9406024
-1.03081444,0.95394136
-1.02985118,0.95019627
-1.02612148,0.9438907
-1.03119929,0.94460481
-1.03577152,0.95034087
-1.0371181,0.95535341
-1.04303573,0.96576411
-1.03500843,0.9679485
-1.03852436,0.97042803
-1.03681387,0.97097078
-1.03291322,0.97162711
-1.03298558,0.96758936
-1.03543131,0.96158957
-1.03579282,0.96428096
-1.02920561,0.95736264
-1.03055805,0.95979965
-1.02720152,0.96402848
-1.02319838,0.96242
-1.03189707,0.96256485
-1.03529753,0.96073411
-1.03994098,0.96275399
-1.03729287,0.96193715
-1.03640618,0.96989996
-1.03812313,0.97353842
-1.04604801,0.97756738
-1.05048552,0.98323091
-1.0550377,0.98560777
-1.05464871,0.9899172
-1.05746268,0.99035431
-1.05528126,0.98289738
-1.05510007,0.97740955
-1.0506646,0.97399194
-1.03669935,0.97058648
-1.0335436,0.9693029
-1.02860603,0.96742701
-1.02756646,0.96738947
-1.03074333,0.96231328
-1.03454922,0.96321478
-1.02995296,0.9676414
-1.02800374,0.96839824
-1.03109902,0.96633714
-1.03107204,0.96798338
-1.03067495,0.97037381
-1.03675441,0.97042811
-1.02835365,0.96787777
-1.02700545,0.96441325
-1.03832875,0.96798058
-1.0392565,0.9655756
-1.04092312,0.95743863
-1.04067091,0.95742394
-1.04634663,0.96199381
-1.04748712,0.9660425
-1.04534746,0.96868811
-1.0466443,0.96973072
-1.05150792,0.95801632
-1.04911904,0.95572248
-1.0455689,0.95093524
-1.04929978,0.95585287
-1.0473591,0.95783261
-1.04937014,0.95739061
-1.04810105,0.96229877
-1.052139,0.96276625
-1.04676976,0.97463077
-1.04660592,0.97916256
-1.04448622,0.98243718
-1.04438472,0.98736367
-1.04928996,0.99000416
-1.04721069,0.98662465
-1.05191649,0.9923456
-1.05742312,0.9849813
-1.05259808,0.97977521
-1.05217657,0.97353068
-1.06334144,0.96710181
-1.05535307,0.9620179
-1.0564084,0.96086963
-1.04559217,0.96413376
-1.04085905,0.96463853
-1.04425983,0.96023648
-1.04336608,0.95063463
-1.04019243,0.94454444
-1.04588998,0.94422274
-1.0490964,0.94744708
-1.0448777,0.95307212
-1.04256773,0.95987229
-1.04542948,0.95916309
-1.04315687,0.9631071
-1.04106936,0.96322935
-1.04188225,0.95574195
-1.03702032,0.95574221
-1.03264497,0.95445512
-1.03747185,0.95242675
-1.0373758,0.94887099
-1.03438553,0.95122144
-1.03050686,0.95305831
-1.03106945,0.95666059
-1.02787469,0.96522732
-1.03026993,0.96662398
-1.03127716,0.97134219
-1.03073012,0.96918943
-1.03183911,0.96982548
-1.0272591,0.96886998
-1.03245479,0.96508967
-1.03656571,0.96507583
-1.04020364,0.96695849
-1.04405844,0.96788828
-1.04245847,0.96325982
-1.03789224,0.96035157
-1.03530297,0.95398226
-1.0354841,0.95303121
-1.04088641,0.95311174
-1.04824294,0.94693682
-1.04643012,0.95364553
-1.0460107,0.95398565
-1.03759644,0.95873344
-1.0354985,0.96019905
-1.02971989,0.96597071
-1.02909069,0.96647713
-1.03134721,0.96702131
-1.03184431,0.96220018
-1.03236201,0.96422512
-1.0342841,0.9599326
-1.03301496,0.96594578
-1.03394714,0.96711656
-1.03497648,0.96083185
-1.03676338,0.96230835
-1.03615781,0.96364976
-1.03801491,0.96316806
-1.03159031,0.95949
-1.03301289,0.95815685
-1.02770972,0.95970427
-1.02909635,0.96406625
-1.0311171,0.97098574
-1.03698476,0.97497441
-1.03697077,0.97756868
-1.03563421,0.97548756
-1.0352937,0.97546112
-1.0378774,0.97482566
-1.03846039,0.97349318
-1.04062039,0.97438123
-1.03797267,0.9814348
-1.03949625,0.97915331
-1.04031022,0.97255402
-1.04019394,0.97442004
-1.04074149,0.98410309
-1.03801459,0.97514169
-1.03911641,0.96994278
-1.04338075,0.96977103
-1.04151655,0.97246821
-1.04076106,0.9690358
-1.04561039,0.9694733
-1.04335881,0.9646535
-1.04691634,0.97010979
-1.04817433,0.96943622
-1.04680088,0.96079342
-1.0452826,0.95747325
-1.05887161,0.95332505
-1.0679013,0.95534119
-1.0625459,0.96475413
-1.05450135,0.95971827
-1.0378082,0.95259064
-1.0336932,0.94813479
-1.04115385,0.95250974
-1.04130618,0.95891722
-1.05718676,0.96215025
-1.0562691,0.96689122
-1.07041047,0.9672653
-1.0770591,0.97070914
-1.09473157,0.97295755
-1.08861906,0.97778216
-1.08411348,0.99293323
-1.08860644,1.00297042
-2.68436026,0.94744111
-2.68870884,0.94805505
-2.69344527,0.94992249
-2.69428865,0.95090693
-2.70202022,0.95101573
-2.70168515,0.95086809
-2.69584497,0.95240992
-2.69243226,0.95364895
-2.69034461,0.95488118
-2.68880005,0.95690116
-2.68137999,0.95878272
-2.67703215,0.95990674
-2.65270614,0.96749215
-2.64621072,0.9699476
-2.61213426,0.98122047
-2.60406214,0.98427688
-2.57610261,0.99345225
-2.54690699,1.00240762
-2.52610407,1.00768626
-2.5009594,1.01091143
-2.46678301,1.01560597
-2.44454596,1.01785168
-2.40626055,1.02305786
-2.39258277,1.0245303
-2.34879533,1.03192451
-2.33587,1.03333715
-2.30561311,1.0377493
-2.28613921,1.04254035
-2.25083242,1.05105102
-2.24333066,1.05368976
-2.21246521,1.06234105
-2.19809757,1.0677624
-2.17725456,1.07543817
-2.16800678,1.07949495
-2.15064733,1.08693251
-2.13590986,1.09396412
-2.10767268,1.10660301
-2.10064998,1.10974042
-2.05734048,1.13197097
-2.03234338,1.15246702
-2.02906501,1.1584398
-2.00450473,1.124721
-1.97980259,1.15124921
-1.95882902,1.19879483
-1.95415475,1.19967879
-1.9536276,1.20039625
-2.02890352,1.16014711
-2.02796119,1.1609736
-2.02867291,1.16007902
-1.95638001,1.20136325
-2.02862024,1.16009307
-2.02874763,1.16015449
-2.02865743,1.16011627
-2.02872109,1.16009717
-2.02875538,1.16005648
-2.02868238,1.16013172
-2.02876213,1.16011287
