X,Y,RADIUS
4.47817117,3.11709439,0.12330743386186091
4.48991993,3.15171002,0.17029367551457736
4.46721908,3.22262256,0.24301431311708957
4.4729393,3.31496531,0.3004706795322273
4.48618735,3.34894703,0.3110187981417017
4.48785057,3.37850311,0.3129453391249818
4.48795563,3.39164848,0.3171173116949306
4.47875736,3.39512237,0.3156385589188296
4.48475692,3.38632243,0.31665644438283136
4.48647301,3.39541935,0.31576329691095534
4.48771889,3.38907318,0.31642522255084327
4.49765542,3.39048809,0.31556486131179384
4.48778372,3.38379385,0.3164585204013713
4.49261382,3.38231614,0.3147616582450119
4.49356549,3.37444735,0.3154094706211955
4.49632619,3.37779261,0.3152765994421225
4.5010518,3.34832047,0.31368416540644234
4.49892445,3.30838257,0.3102331087212467
4.49428565,3.18936201,0.2529428454790185
5.9004584,1.9173,0.23037577232831982
5.90977655,1.90074785,0.2497981896812871
5.93611956,1.89913174,0.27596355119518395
5.94247134,1.90076301,0.27983771054304746
5.95816467,1.89208955,0.3053440005763366
5.97171372,1.89467318,0.30272514062549677
6.00109199,1.8814929,0.3266668841930576
6.01271289,1.89094869,0.33296032858848795
6.03515549,1.89031739,0.34989320724226863
6.07554269,1.86829194,0.3619420714618047
6.07754752,1.88610105,0.36622526883833956
6.00732368,1.83620768,0.33808393756785626
5.99897377,1.81541401,0.3226219371455615
5.95616043,1.7065551,0.24260604053935192
5.95729371,1.69237772,0.21421300724564815
5.95467198,1.65140534,0.1280574275159887
5.95827564,1.63803689,0.07540646697307823
5.90462518,1.85989632,0.08096073691565833
5.93550743,1.84005637,0.18079474956699934
5.99052716,1.83764775,0.26216955694916383
5.99551659,1.84023517,0.28471671252074804
6.04314736,1.84869809,0.31792441289435425
6.07161497,1.85608614,0.3495860269445211
6.17422569,1.89481423,0.39604135460229895
6.21583197,1.91244042,0.40017722782811643
6.22914219,1.91300512,0.4037807957710621
6.2350089,1.90453047,0.40366723708611335
6.20898384,1.89927783,0.397378315442907
6.21282573,1.8945591,0.3917362382502755
6.2200575,1.89609881,0.390413969386056
6.22292506,1.8886539,0.38686798818988216
6.20371163,1.89346696,0.38586753121340267
6.20749596,1.89824975,0.3837832639204265
6.22503592,1.89672873,0.38290423904501864
6.19660914,1.89277185,0.3814795451877024
6.20192617,1.89225185,0.3814310413199197
6.19846542,1.89047572,0.38130164731450983
6.19504089,1.88415866,0.38167678234612107
6.20731967,1.89137427,0.3821943128759752
6.19230558,1.88702127,0.3820850374686357
6.19596694,1.89240309,0.38344087795222614
6.19168597,1.89272669,0.3887618334721867
6.18829815,1.90164244,0.39003319387930346
6.18937624,1.8950628,0.39042973742904546
6.18727688,1.89726452,0.3901310503458753
6.1873896,1.89184871,0.39034913156944817
6.19137919,1.89529671,0.3898919002071655
6.18928743,1.89937634,0.39074126615083066
6.19238479,1.89244856,0.38968426969178277
6.18769704,1.85772693,0.3869603994000799
6.19345011,1.83670755,0.3848330847053687
6.18827715,1.80403647,0.3763128741714756
6.19102153,1.75923797,0.3594227065332225
6.18852585,1.74172899,0.3548972248948445
6.18608212,1.69299188,0.31858303427223367
6.18764179,1.67947934,0.31220048298749853
6.18817883,1.68132448,0.3121345290247324
6.19200825,1.67111939,0.30140021029430303
6.18800114,1.66367132,0.2968500861966134
6.19370145,1.67417603,0.3010142052561219
6.18404982,1.69691772,0.32131162385013295
6.19093881,1.72058735,0.3335535925276605
6.19651176,1.73714206,0.34362006631716047
6.1932899,1.75297409,0.3521435027888561
6.2032621,1.77768434,0.36029770384755444
6.18999699,1.81530631,0.37047245499159454
6.21303938,1.83841163,0.3748943981385658
6.19552616,1.8653491,0.3789518295853907
6.21805388,1.88209704,0.3792720458901087
6.2210062,1.89249086,0.3790597364582107
6.216419,1.89702941,0.38138497883516603
6.20461416,1.89154009,0.3813237282524181
6.21942409,1.9009769,0.3840120180812366
6.20235452,1.90141261,0.384005679699055
6.22265068,1.90835589,0.38671542703803874
6.20486099,1.90900236,0.39183589634177246
6.19270307,1.90908987,0.3931395188969585
6.18081419,1.90665645,0.40328434140679104
6.19228862,1.88993164,0.4010487431010229
6.20427047,1.87413847,0.39974896618802597
6.23087436,1.85429383,0.3925563346761463
6.23606888,1.85133195,0.3920244205017808
6.25946013,1.84191375,0.3851581926978429
6.25709008,1.83780778,0.3830090910723278
6.27520809,1.83115444,0.3763968034499558
6.27689723,1.82183826,0.3738723165443721
6.28944095,1.81984997,0.3664360199845039
6.30296097,1.80044366,0.3542673322248162
6.3056532,1.78731616,0.3506930700353664
6.30093878,1.77865969,0.3474977306298072
6.29563214,1.76800913,0.3464065942440682
6.29637105,1.76506573,0.3457302994085187
6.29036253,1.76184028,0.3437453659830902
6.28697397,1.75506113,0.3442918590820136
6.27718782,1.74534028,0.3403144540521105
6.26939448,1.73822952,0.3398623279715268
6.25635366,1.73198349,0.3428310800075368
6.24657086,1.73088609,0.34168366799520955
6.23853361,1.72955464,0.34378516601134784
6.22693106,1.72394379,0.34209132968481554
6.21444199,1.72428178,0.34459332344835153
6.20533499,1.73061474,0.34492297014062295
6.19617283,1.73850055,0.3494158408155221
6.18409028,1.7408704,0.35223355250764893
6.19486941,1.7361683,0.3398475373056211
6.19781389,1.72117289,0.33138704033349287
6.20077492,1.70819765,0.3228609413307324
6.20171163,1.70350844,0.3207197488084521
6.21334163,1.70060791,0.3184695578572878
6.21328365,1.70036556,0.3182775175904632
6.21228554,1.70120357,0.3245940095143477
6.22111925,1.68088,0.3113559281507661
6.25763257,1.65012471,0.28442153162633915
6.27023274,1.64673218,0.27910448968697443
6.29157527,1.64177801,0.26516005923861263
6.31768977,1.64133091,0.26237402858781
6.35000573,1.64700243,0.2453318051486967
6.37341191,1.64609811,0.23215130874357037
6.43564314,1.6790218,0.17708651451974627
6.47236257,1.69661612,0.1448694787828737
6.49337637,1.73355483,0.11893405943498236
6.51391377,1.75745424,0.0879399099315579
6.48387759,1.76838196,0.10738425880747074
6.45499783,1.76526413,0.16917371381532434
6.4243872,1.77985721,0.2393064657042569
6.42274716,1.79865328,0.2615137453977129
6.32095166,1.87482454,0.35982141239721
6.26226293,1.90166829,0.3812122469024602
6.19564564,1.91072683,0.3873338476416928
6.20405926,1.91426097,0.3854026338244479
6.1973917,1.91892771,0.38405047939533576
6.20796413,1.91813939,0.3808231795187392
6.20175134,1.90519098,0.3787856156799948
6.20629121,1.90351386,0.3782940758292543
6.2045659,1.90777207,0.37769174767453745
6.21149593,1.90149147,0.3818540309365586
6.21200875,1.90690579,0.3859395741161004
6.22919296,1.91661405,0.38149665760146606
6.26641187,1.94653597,0.3701957883155512
6.28665988,1.98408342,0.36236453102366384
6.30291902,1.99829699,0.35418967880099345
6.31993507,2.04050951,0.33356243381410394
6.3259482,2.04820725,0.32191462461141673
6.33449726,2.05821374,0.3130981716672531
6.35528592,2.09737101,0.26799452533155593
6.39488558,2.08871498,0.23462527144202117
6.40064149,2.08029988,0.23533378759866408
6.41546355,2.06542486,0.23468864597335068
6.42339763,2.04145567,0.23718735318002648
6.43499903,2.02412595,0.2388012252052266
6.44217223,1.99836954,0.24849942645676432
6.44763482,1.97140702,0.2498021347221642
6.44958273,1.88638298,0.2716398637360797
6.44439637,1.87746462,0.2686937318819339
6.45509401,1.87810529,0.25431702197599965
6.4788272,1.87387943,0.225370908007132
6.4845441,1.8731612,0.21934655300901074
6.48359002,1.86720813,0.22333471256947074
6.48453433,1.87783945,0.22122126535198477
6.48449096,1.87474093,0.22121681731256573
6.48099861,1.87076172,0.22757969777137924
6.47991085,1.87703861,0.2294802033035481
6.47400674,1.87654211,0.23974744680463606
6.46935891,1.87533467,0.24174248323342937
6.45443825,1.87988174,0.2622619868328101
6.42845227,1.88930723,0.2869599004325155
6.41690082,1.88290314,0.3013763523308235
6.39862998,1.89712626,0.3139579340659618
6.38122812,1.8965116,0.328159818953306
6.36985064,1.89527344,0.332256210823698
6.36390212,1.90627031,0.3363790115637904
6.399996,1.94513609,0.32261461096277777
6.41849311,1.98023648,0.3118254231091656
6.43081047,1.99835828,0.29520718163491694
6.43984406,2.04707516,0.26485164990514465
6.44361214,2.09538999,0.24112265100762165
6.43058121,2.13085031,0.21918410873571445
6.40516121,2.17971178,0.15741553695050547
6.35364035,2.23801427,0.08412979029873849
7.56033248,6.92380769,0.19437619490082833
7.55377776,7.01076217,0.2523877535199249
7.56071958,7.0431043,0.2691236508604045
7.5511562,7.11360034,0.28390692481246754
7.55527503,7.11885345,0.28398051685348463
7.55353435,7.12338249,0.28481149000513345
7.5541284,7.12312327,0.28478565792415034
7.55351139,7.12119523,0.28450173765836123
7.55133194,7.11317279,0.282737014216914
7.55275161,7.11362819,0.28294560343623776
7.55508291,7.1130694,0.28306352072005275
7.55381509,7.10975236,0.2840048839733877
7.55305364,7.11322754,0.2839978670468668
7.55382795,7.11340047,0.2843304900672635
7.55374561,7.11415727,0.28494605933268113
7.55494454,7.12150587,0.28984634778816215
7.55598283,7.11946566,0.28983851531036425
7.55441193,7.11618048,0.28988675021840127
7.55439452,7.12122271,0.2908376765595716
7.55470291,7.12101436,0.2907629969809171
7.55346914,7.11927995,0.2908616176026731
7.55189692,7.12069078,0.29155641458305886
7.55458525,7.12049208,0.2908096057640847
7.55408079,7.12325307,0.2915818133348428
7.55277948,7.12037484,0.2913027776779108
7.55286809,7.12407961,0.29224814251836684
7.55112292,7.1254556,0.2913405220853363
7.55269102,7.1241231,0.29203527924829037
7.55443285,7.11548783,0.2917688173870166
7.55336754,7.12481714,0.2930447986957506
7.5529295,7.11016453,0.29161627511554744
7.54955141,7.10875333,0.29172207374462084
7.54913097,7.12010963,0.29320833590492573
7.55134002,7.11745411,0.2936924492960971
7.55078992,7.13020325,0.29445339885660166
7.54621535,7.1357461,0.2954359587020171
7.55067298,7.12982375,0.29675807545694294
7.54464255,7.14473984,0.2973863581803205
7.54956567,7.13118645,0.2972529528539967
7.54602861,7.15313977,0.2986715315570176
7.55779793,7.13662829,0.2994208260670716
7.54800706,7.13620818,0.30021909811232733
7.5479431,7.12925002,0.2940942800752152
7.5492387,7.1333971,0.2922814414809944
7.54749608,7.13517737,0.29126311182776343
7.55019034,7.13350887,0.29005153778206744
7.54672386,7.12333077,0.2894323133511043
7.54244679,7.13669355,0.2890161730986169
7.55558027,7.13206239,0.2890366927426434
7.55089354,7.12201477,0.2894868714104524
7.53737808,7.14252005,0.2901080547631596
7.55221479,7.11946579,0.2907910513869503
7.55251529,7.11590395,0.29114119394514454
7.55131907,7.12104898,0.29268504635480963
7.54249636,7.11968969,0.29467669401214075
7.55159026,7.10782691,0.29928022475659033
7.54801666,7.10618827,0.2982097759549988
7.55328864,7.10617134,0.2974492075017052
7.54904755,7.10425143,0.2980109024864893
7.55272331,7.10452065,0.29686576073752396
7.54948772,7.10560987,0.2961406031306656
7.55223438,7.10285185,0.29630515987109673
7.54965197,7.10341312,0.2958084193131576
7.55279077,7.10316313,0.2955484630428162
7.55209928,7.10127277,0.29516519509400113
7.55254699,7.10332672,0.2946240394870837
7.54865799,7.1036652,0.29460929153102583
7.55526762,7.10191314,0.29473665740308935
7.5486265,7.1037674,0.294056149136903
7.55519814,7.10082536,0.293906736156962
7.55117182,7.10311035,0.2936677851867284
7.5532239,7.10707633,0.2879759945332083
7.55341547,7.10963049,0.28719809363316234
7.55528627,7.11000272,0.28680737621679264
7.55326525,7.11161043,0.2867226870429768
7.55616792,7.11417106,0.28615465872677426
7.55513414,7.11490341,0.28573082800631183
7.5582469,7.11854778,0.28562275498160694
7.55818352,7.11645053,0.28546103962568103
7.5589263,7.11743602,0.28516026897440255
7.55540096,7.11513421,0.285112943211104
7.55620681,7.11758415,0.2847761584404381
7.5550509,7.12164428,0.2846441997766343
7.55934333,7.11656263,0.28428019964712203
7.5561704,7.12193585,0.2842643718033542
7.55790902,7.11434641,0.28726811123527224
7.55257833,7.12428606,0.2877249103606432
7.55800365,7.12405683,0.287036017717368
7.55873456,7.12086471,0.28622001711282674
7.55273138,7.11544645,0.2871449240664698
7.56270274,7.16599,0.2838102124372155
7.55086199,7.21100809,0.27112989648960456
7.55642437,7.24283456,0.25456449978833134
7.55182844,7.29826146,0.215274497707165
7.55198829,7.37229694,0.08083729235553656
7.55614651,7.34325199,0.13000369696334724
7.55224116,7.3088226,0.18547136107379075
7.55056259,7.29139582,0.2081083208011486
7.54416709,7.27841214,0.21855720989849448
7.55464787,7.26893472,0.22859392161640096
7.5477089,7.25568433,0.23888725945721329
7.54862553,7.23891591,0.24923857447192357
7.55500313,7.21398998,0.2638943204283438
7.55176419,7.20853813,0.2659488765784743
7.55614437,7.18888079,0.27234987875734856
7.54145578,7.16426471,0.2766070845858805
7.53044248,7.15447421,0.2787299911224044
7.54330353,7.14284403,0.28097496889401147
7.54875623,7.14921615,0.28108911219640753
7.54549208,7.12344329,0.28311536774823887
7.55064449,7.12815097,0.2830374611125426
7.54419951,7.13134372,0.2833652774225578
7.54618675,7.1274929,0.28278377951989325
7.5493362,7.12585318,0.2833357654249785
7.5480967,7.12725356,0.2823656976720185
7.54682197,7.12208575,0.28412160421772414
7.54720663,7.14101624,0.2837934022505921
7.55532131,7.14268305,0.2855678147997386
7.53341805,7.16625985,0.2834412746549171
7.54984584,7.18409527,0.2812450494128036
7.55217674,7.19697919,0.27506463946645104
7.55886094,7.22200089,0.26880065969507094
7.56039155,7.24879623,0.2523046472918451
7.57038931,7.26298019,0.2357297474742955
7.56620977,7.29126716,0.21287428423768115
7.57253391,7.35473797,0.1279567598444479
7.53877209,7.37764025,0.12108754807231445
7.53103513,7.35515857,0.15607327228414308
7.53279373,7.33557386,0.17660889020911985
7.5121072,7.31603764,0.19533634161256963
7.5217041,7.30488334,0.20759359625462462
7.51761718,7.30542528,0.20999441322312568
7.52239473,7.30288665,0.21022695861008497
7.49138374,7.31526445,0.19889875232308477
7.47037001,7.34155806,0.16372869947278287
7.40698857,7.33771421,0.11569006333351874
2.35795704,7.42171602,0.06370834533812643
2.33635812,7.43328635,0.09794997179910259
2.31252065,7.43671161,0.12482222234844245
2.28203158,7.42976528,0.14591394045409256
2.27499354,7.42552139,0.1563064112509483
2.25069569,7.39766781,0.16332864006390202
2.24899375,7.39480239,0.16337441476763112
2.24767226,7.3865706,0.16754305208078096
2.24883205,7.37815964,0.1693501365646371
2.24062236,7.37628669,0.17157855865437374
2.23534645,7.35847156,0.17591767857177038
2.22882285,7.36510182,0.18105251898646707
2.24324938,7.38866822,0.17246587822869014
2.2542993,7.39026237,0.16638107856843135
2.26500147,7.39775923,0.16092847201422028
2.27881659,7.39878005,0.15254987022653702
2.28548912,7.3963437,0.14163539850148366
2.29025773,7.39559292,0.1387534372029761
2.2993875,7.38874469,0.12911216551689772
2.29895875,7.38814528,0.12487277077923938
2.30506718,7.37855395,0.12145267282568491
2.30307459,7.36539545,0.12312313492769134
2.29737187,7.35590193,0.13078734368702583
2.29102314,7.35710524,0.14029646981071534
2.28402851,7.35726583,0.14524596079379332
2.27486787,7.35846643,0.15033548331654537
2.2696047,7.35988503,0.15740056651038895
2.2560855,7.36082914,0.16633431420452727
2.23134557,7.35766394,0.1782975107705368
2.22223737,7.35074971,0.18463772247616467
2.20800411,7.35138284,0.18518328902360962
2.19490388,7.32615416,0.19718749389032642
2.18343405,7.30602782,0.1963538040897502
2.19547382,7.30759827,0.19592922914125294
2.19166719,7.31465785,0.19356118005226397
2.19726844,7.3149746,0.19274154335583155
2.20692414,7.31750414,0.19063732086455393
2.19180742,7.317054,0.18846077215449314
2.20736702,7.32058078,0.18755739034342137
2.21173952,7.32395378,0.1852872358097906
2.21458535,7.32807129,0.18369083230815633
2.21646015,7.33014241,0.18363900667407254
2.22212169,7.33444312,0.18287944108053286
2.22269572,7.3360399,0.18290897231324948
2.2198372,7.34308801,0.18057381091819527
2.22075044,7.33690716,0.18205193101140363
2.22278846,7.34010419,0.18194623024567444
2.22702576,7.34553127,0.18189611500173658
2.21956552,7.3528881,0.18011192578168417
2.22508024,7.35446797,0.1801759291384699
2.22162827,7.35311606,0.18015562012827746
2.22426334,7.35856455,0.18020868202671514
2.22677354,7.3554656,0.18016849162307422
2.22289853,7.35603874,0.18016135919737172
2.22561015,7.35680753,0.18036372845417725
2.22355193,7.35814988,0.18026757470475083
2.22400075,7.3545833,0.18213923992897535
2.22458049,7.35514571,0.18217107826162235
2.22460958,7.35137369,0.18221457343169709
2.22151595,7.3549239,0.1820808262818246
2.22254595,7.34778072,0.18402836648230309
2.22107652,7.34879928,0.18412135376279687
2.22061724,7.34767229,0.18417461677011288
2.21838852,7.34435871,0.1842979592005866
2.22199533,7.33622584,0.18645259179674867
2.21943276,7.32689836,0.18803920792652082
2.21997537,7.32241537,0.18830037421259535
2.21652833,7.32769912,0.18825611141729887
2.21832284,7.32214144,0.18829116691514838
2.22030697,7.32541479,0.18799728124521173
2.22103722,7.32006062,0.18824232893596318
2.22009123,7.3172908,0.18774529153475827
2.21532606,7.31665133,0.1881568128428677
2.21221801,7.31767224,0.18948085444555735
2.2175818,7.31163375,0.18921376983567195
2.21146991,7.31805792,0.1890402545794122
2.21408036,7.32152719,0.18804848186730416
2.21862469,7.31637342,0.18884411673904178
2.21989186,7.3216252,0.18819909819201228
2.21428527,7.32510503,0.18795790916983618
2.2168712,7.31551142,0.18819973765722936
2.19288547,7.33044397,0.18744573501864295
0.59831893,8.33319916,0.2372810941258119
0.60868438,8.34059238,0.23919479051758985
0.62196391,8.32739507,0.23331953873961483
0.62350313,8.33712267,0.2323218667254221
0.629921,8.32747339,0.2316558954194095
0.63218971,8.33369573,0.23047491044023857
0.62888836,8.33273252,0.22985381942233324
0.63807016,8.32481203,0.22952525955588632
0.64070893,8.32947377,0.23078291663386807
0.6331389,8.334632,0.2313637147531363
0.63424103,8.33384825,0.23235957452263512
0.63428058,8.33140119,0.23267129978639822
0.63332915,8.33579612,0.23342480281416383
0.62817203,8.3358297,0.23422649188542952
0.62581202,8.33820563,0.23440178159233732
0.6278235,8.33567512,0.2350070529990132
0.62469713,8.33955132,0.23601595891211097
0.62374956,8.34211888,0.23629190199590508
0.62261662,8.34218687,0.23729182532247042
0.61933078,8.34130273,0.23810334061282493
0.61400072,8.34192048,0.2401793453951617
0.60933225,8.34165067,0.24165734666267294
0.60654701,8.3429338,0.24274150263991215
0.60787789,8.34368256,0.24356320935793396
0.60487277,8.34260462,0.24557222650184413
0.60193526,8.34822253,0.2465762946577966
0.59983082,8.34650972,0.2471431218524102
0.59928924,8.34906427,0.24949573924990814
0.59347889,8.35078374,0.25008081775413965
0.58979769,8.34780886,0.2510813374969254
0.58998809,8.35012949,0.25172454336194916
0.58965196,8.34866506,0.25166618289779286
0.58315915,8.35035301,0.25221065128405107
0.58174095,8.35025639,0.2517058493646681
0.58739713,8.35306205,0.2521472236627968
0.58553329,8.35236155,0.25028975448060775
0.59799989,8.34698895,0.24958654264120034
0.58998177,8.34536898,0.24856998822245557
0.5941882,8.34214879,0.2489065376033391
0.60090638,8.35157428,0.2484491740616201
0.60055175,8.3445693,0.2471587445720648
0.58942293,8.35417551,0.2442971700520679
0.6057138,8.3399864,0.2432480536398456
0.59294752,8.34700163,0.24200428676014527
0.60857991,8.33588359,0.2409601215587795
0.59107802,8.34387573,0.2395535080307807
0.60228238,8.34300378,0.23893546117935463
0.60229573,8.34351506,0.23728562665090802
0.59955113,8.34555961,0.23763584146163072
0.62206787,8.33776703,0.2378139422103055
0.60813019,8.33424824,0.23830690121311238
0.60953892,8.34322402,0.23908769144195716
0.61762283,8.34648468,0.23938854889630728
0.61534583,8.344727,0.23969112749501953
0.62563382,8.34459167,0.23971672293318733
0.62556948,8.3431129,0.24009634250031073
0.62622835,8.3448152,0.24025710239402143
0.62816852,8.34353232,0.2401593474252614
0.63347778,8.34396078,0.2401586873170288
0.62975342,8.34607109,0.23989319058343025
0.63596647,8.34428684,0.23951445461103957
0.63378621,8.33855944,0.2386132682264341
0.63378358,8.3382506,0.23830817950775524
0.63005676,8.33397893,0.23764294897565122
0.63229025,8.33625196,0.23798890697714664
0.62865726,8.33169818,0.23615567987446331
0.62598412,8.33190429,0.23498759222245688
0.64165206,8.32484132,0.23424541142338098
0.62717694,8.33074598,0.2339402847170811
0.63926764,8.3238745,0.2330272822347592
0.63175727,8.31911562,0.23283017352582333
0.63472923,8.32022957,0.2329149754510418
0.64074477,8.3240399,0.232785649132076
0.62822227,8.3277107,0.2344637322314038
0.62517626,8.33381073,0.23447549310813437
0.63024118,8.33297849,0.23504135782999216
2.23621248,7.3175519,0.1883135971274854
2.22721275,7.31987695,0.186854474999927
2.21025243,7.31712755,0.1819166178774836
2.2173171,7.31869021,0.1819294527513128
2.20139163,7.32302837,0.18057058134141518
2.19801347,7.30466231,0.1796025444436312
2.19972932,7.32291725,0.17924716060342624
2.20531684,7.31744564,0.17972357569092934
2.19444968,7.31196591,0.17927253023251769
2.20670181,7.31309522,0.17972622781110809
2.1976648,7.31073613,0.18061348574857425
2.20349913,7.31824299,0.1813376718773075
2.20527421,7.30630824,0.18367260565552126
2.21634201,7.3214048,0.18626718524808425
2.21608822,7.31257343,0.1854321532303587
2.22071974,7.31711773,0.18214289662916708
2.22604983,7.31514275,0.1807495912530578
2.22993488,7.28721346,0.17602312945213994
2.23177439,7.2163903,0.14797062386106846
2.21670818,7.19193795,0.1123251999224228
2.19965819,7.19051914,0.08835267090752198
2.18120679,7.20179622,0.08239412716042822
2.15327924,7.21872615,0.08219293968687735
2.11970063,7.26581254,0.07815173373310208
2.11056532,7.27665394,0.07873669382321419
2.10904829,7.32939878,0.12793516556280873
2.15158912,7.32354204,0.15897631036201687
2.19028776,7.31473332,0.17158762551874934
2.20384208,7.30973381,0.1798162492555801
2.20305949,7.3092763,0.18227777021597055
2.19825169,7.3111287,0.18284261068365754
2.20048793,7.29341966,0.18408894577844181
2.18903763,7.26940775,0.1754601357181931
2.19785275,7.22084149,0.1549641530753782
2.19393583,7.16992087,0.128115806146287
1.3982187,2.6403092,0.07863306479100578
1.40467786,2.62639004,0.09512923160300295
1.39951382,2.61916282,0.1035516670177961
1.39723468,2.61317932,0.1076182590655322
1.4006946,2.62120873,0.10140455434589717
1.39747144,2.62774794,0.09516248248386809
1.41389084,2.60788698,0.06415638126863199
1.42115348,2.56040828,0.12206256954573826
1.41511701,2.51042819,0.13767251709644635
1.41306085,2.50742219,0.14071250243340325
1.4166977,2.50382464,0.1390662666102979
1.41233819,2.51476113,0.13827881262456154
1.40779695,2.51688097,0.13729290186125892
1.41111165,2.52319405,0.13697553706643423
1.39709452,2.50231884,0.13654610699851982
1.41075073,2.52230486,0.13656564867980428
1.41182407,2.51697555,0.13696182934131754
1.40020227,2.51286494,0.13674165125906718
1.41084723,2.51447685,0.13693102568782486
1.4082098,2.51717888,0.13717358230075524
1.41154053,2.52170748,0.13742043828848752
1.4109547,2.52423,0.13799232198185127
1.41044368,2.52371202,0.13748319682565727
1.41271543,2.52360521,0.1378321858232123
1.41201977,2.52818722,0.13779870351861273
1.41035691,2.52600643,0.1373224126404882
1.41075941,2.52743085,0.13730942623428483
1.410543,2.52881622,0.13705828806821885
1.41222312,2.53103996,0.13679330364401618
1.41108794,2.52942348,0.13696695948410353
1.40989817,2.52900279,0.13657222115893566
1.41030454,2.52758528,0.13645150947223159
1.41031095,2.5319237,0.13626363423752716
1.41007788,2.52913527,0.13653241652575593
1.40939227,2.52662251,0.13650377271522582
1.40786118,2.52741094,0.1366729330857098
1.40629776,2.52624663,0.13653868642279524
1.40832025,2.52842715,0.13642320602790417
1.40941174,2.52967131,0.13654234514327196
1.40575043,2.5257984,0.13657040246110316
1.40755602,2.52468705,0.13661791390782443
1.40589513,2.52517142,0.13663325348579855
1.40914076,2.52667097,0.13672580537105994
1.406506,2.52451383,0.13726000728269866
1.4092396,2.52441176,0.13716484726399553
1.40359717,2.52392917,0.13692112333094722
1.40745883,2.5241789,0.13679071568558193
1.40195794,2.5233355,0.13713480438012882
1.40868174,2.52412764,0.13706437867261143
1.4125345,2.52333628,0.1369624595690264
1.41019373,2.52009742,0.13663071695968296
1.40240814,2.52061591,0.13644406879584395
1.40771441,2.52501115,0.13622418075334664
1.39697627,2.50757683,0.1359782244715633
1.40693381,2.50946738,0.13632412213656173
1.39749277,2.51565907,0.13597959737336965
1.4077781,2.51377672,0.13626761025900475
1.40386066,2.52238563,0.13579909591627512
1.40975986,2.52101195,0.13645819683100746
1.40935734,2.52817779,0.13745342615586575
1.40739238,2.52823161,0.13948251690537009
1.41448842,2.51128195,0.13493458297171887
1.40910501,2.47798168,0.1221128533369686
1.42801935,2.55881273,0.1383451826514859
1.38951986,2.55041782,0.14291783402604244
1.40329929,2.54126569,0.1398051154483329
1.394422,2.53988037,0.13892707548498157
1.42938005,2.55490797,0.1379761276752772
1.39028602,2.54421475,0.13813655540843964
1.39762493,2.53616786,0.13917678530828603
1.4106537,2.56390208,0.14147375984521837
1.38276013,2.55045412,0.14221766283882772
1.38094738,2.52950268,0.1445706082733766
1.36765238,2.53741914,0.14562356552059036
1.37662378,2.53028331,0.14866805877348357
1.35675866,2.51233739,0.1504488410562529
1.3519683,2.5017583,0.1553790615788759
1.34247548,2.52615913,0.152138566018924
1.34625191,2.54716044,0.14124656156005957
1.43558452,2.65156723,0.08007177835839353
1.44149356,2.63427169,0.09629661619857721
1.45558997,2.62112459,0.11058419178944756
1.47080813,2.60806011,0.11511529369818635
1.4815276,2.60841683,0.11677085654984685
1.48861629,2.60869653,0.11509864150290619
1.50690122,2.62639491,0.11487828820536981
1.50920267,2.62996322,0.11076651509028919
1.52336631,2.64798494,0.10912474086196265
1.51317393,2.65374837,0.10564961085035805
1.54200577,2.6862306,0.09966731262832217
1.55607146,2.70206792,0.0912734519089936
1.55472683,2.74480618,0.062721124534247
4.26257771,3.42794634,0.07934866532321533
4.35979348,3.42305003,0.272960120255099
4.49996146,3.5284793,0.32657733896044555
4.52188339,3.48434547,0.3506986039553143
4.58107499,3.44740883,0.36008548269605095
4.5332747,3.45246303,0.3483415817941172
4.53424858,3.55922491,0.3183218584533434
4.53580984,3.57174915,0.3039540118005362
4.53535471,3.55592382,0.31665322045550526
4.51993485,3.52384,0.32068434599204304
4.51967429,3.5353707,0.3187236163757033
4.55702561,3.50981517,0.3313036989800733
4.52097158,3.50258203,0.32914396194686485
4.50252786,3.49060836,0.33378115158700694
4.50712305,3.49035188,0.33333151764839497
4.52667905,3.46790803,0.3375941973242345
4.5040809,3.46910731,0.33621503665505076
4.50438017,3.47360933,0.33792471171746297
4.50304058,3.47986892,0.33606320910600673
4.5285272,3.49169719,0.3338124894289898
4.50509548,3.51356157,0.32953929503046614
4.51639508,3.53832324,0.32293019362987113
4.51470383,3.54249933,0.3230810565133182
4.53566607,3.58106688,0.30441630800011626
4.54349264,3.62081031,0.2896769869593423
4.55286475,3.64548264,0.2793245881951154
4.56953756,3.69865754,0.2559810054160261
4.56581345,3.73738199,0.22903809354070037
4.57879458,3.76548538,0.20811348648315162
4.59171327,3.84405844,0.07202545892335925
5.81647028,6.46151089,0.08843736925377478
5.83737325,6.51119765,0.12771252966304109
5.81903604,6.55744848,0.14580420061635546
5.81165538,6.5592133,0.13890955000306354
5.83025532,6.54110857,0.13800295776943
7.5588327,7.03059436,0.2636438049096902
7.56505261,7.13350777,0.28124122588210687
7.55133345,7.13440111,0.284338877455409
7.54955087,7.14472617,0.2865897282479173
7.56939844,7.12005354,0.280695747386098
7.54001387,7.12194829,0.2801782853767296
7.5527344,7.1148706,0.28117176877537114
7.5444085,7.13801259,0.282928169948753
7.55425168,7.17668483,0.28484193657351276
7.56446467,7.123038,0.2893797454333309
7.55257058,7.14504035,0.2914847724110916
7.56605565,7.11648714,0.29500554649435634
7.57968235,7.11404307,0.30242438272182354
7.5739995,7.12323868,0.30109947888171196
7.58539531,7.11486047,0.3009139946784807
7.58422506,7.11491627,0.3011193139910913
7.57866008,7.11730906,0.29970903268053106
7.58607127,7.14018497,0.29918683401816754
7.57090795,7.16983954,0.2927977076023274
7.58401311,7.1867223,0.2862185804353592
7.57180643,7.19138612,0.2839553218192343
7.57956637,7.19431253,0.28374846510455454
7.58546817,7.17834359,0.28757340838438894
7.57943279,7.1717417,0.28951052259318605
7.58538695,7.13808636,0.2973276904482548
7.58545947,7.12182365,0.29769661197526714
7.58573489,7.10019516,0.302573670505338
7.57905093,7.08551806,0.3018432827237347
7.57690536,7.09999496,0.301607806862291
7.57414321,7.09176126,0.30284368764229874
7.57991337,7.09873937,0.3006529797743741
7.56614645,7.08602301,0.30088871007820295
7.56408942,7.09210188,0.2997615308080135
7.56561706,7.07763858,0.2936712424402612
7.56425912,7.10425753,0.2914851228788995
7.56343924,7.09015786,0.2898629297871793
7.57749431,7.10218682,0.2884134831204619
7.57659962,7.10967162,0.28653256064528987
7.56271007,7.10854637,0.2858474957895885
7.56346319,7.11600821,0.2860944071164707
7.56221562,7.10959725,0.2864997785462734
7.56778956,7.10052434,0.2878762783416502
7.55424266,7.11416454,0.2887244008401334
7.55907434,7.10504498,0.2913315821355028
7.56912795,7.12561118,0.29321127760320287
7.55562115,7.12621159,0.3013787247995083
7.52316717,7.11663735,0.30802589134162667
7.53493557,7.12751286,0.30650894459049294
7.53686226,7.12703174,0.3039180471349139
7.51168468,7.1166478,0.30113529314355164
7.52723418,7.12035396,0.2986679745793044
7.57152155,7.11127332,0.2887435058887105
7.62176459,7.11574052,0.2697432453301824
7.6350338,7.11440438,0.25739195824167654
7.68608755,7.11341803,0.2261787340730177
7.70753741,7.11535763,0.20324992283543178
7.73951779,7.11359968,0.14976841060094573
7.74748408,7.1101667,0.12514499989190256
7.74295296,7.11301817,0.13137294348221315
7.7384311,7.11628825,0.1375451117621364
7.72424343,7.10914091,0.16620845729137357
7.71003881,7.10955365,0.1828194435445598
7.67232272,7.10640141,0.22228018368285773
7.66171607,7.11342713,0.2347617873068486
7.65129924,7.10696082,0.24295164621135568
7.64892922,7.11014251,0.24687889863417414
7.63339312,7.10555245,0.2529616494542108
7.62835276,7.10713771,0.26115570152794365
7.58575581,7.09596347,0.28683959740064235
7.53549538,7.10555084,0.30163121575905405
7.48988274,7.08174989,0.320544595790721
7.47595014,7.08056097,0.32022858154764317
7.48669708,7.09309701,0.3221852722106049
7.51292991,7.10316162,0.31125666864497176
7.49020213,7.09277084,0.30870861219989054
7.52540956,7.10343371,0.30504593886585835
7.51515888,7.10489997,0.3016111919664822
7.53940033,7.10227641,0.300225986021132
7.50715167,7.09422562,0.300043765876638
7.53925329,7.1064598,0.29608333458346203
7.48755622,7.09277621,0.29518968597762607
7.53993021,7.11255084,0.2887669081481117
7.52752081,7.10589857,0.28827671574948976
7.52969691,7.11025117,0.2877220006655464
7.53972628,7.11003019,0.2878899804406447
7.53185507,7.110312,0.2881878235839749
7.54531402,7.11318843,0.2885209666623225
7.53204062,7.1131524,0.2920894996797566
7.56413873,7.11661206,0.2946955723947487
7.55758154,7.12927438,0.29925485154067305
7.56314362,7.12999223,0.29959027135524374
7.5749344,7.13024339,0.29980153451736896
7.55223564,7.12451107,0.29821769986339075
7.57479277,7.1329974,0.30056997227510823
7.55538086,7.12655387,0.29940122489371296
7.57191776,7.12768383,0.3016046522189765
7.57058062,7.12363242,0.30265630146191647
7.57779498,7.12852055,0.304308190385514
7.57016374,7.1176043,0.3055567839715361
7.58089947,7.07504753,0.3012412279873996
7.55931276,7.04696948,0.29221855188344553
7.5492264,7.01482465,0.2705768886091011
7.53774424,6.99891422,0.2611711174420262
7.52249376,6.9885624,0.24088081174083179
7.50180169,6.98333881,0.23426742668074899
7.49438646,6.98465073,0.21829200576926144
7.49146889,6.98475954,0.21599923760127487
7.49838579,6.99794013,0.2257784009517124
7.50560855,7.00935404,0.24077026319541736
7.53989151,7.05238393,0.28285351381563495
7.56047654,7.07812379,0.29099145674108173
7.59336837,7.13517507,0.30224536001627844
7.60325119,7.14828194,0.30511445255754815
7.58108365,7.13742754,0.29403127252123124
7.57844807,7.13526061,0.29318711570863143
7.56734262,7.1268694,0.29060641097125733
7.56804786,7.12861255,0.2897325470131095
7.5614771,7.11606751,0.28428788516559705
7.55356648,7.11133069,0.28057352077358183
7.54057238,7.10269305,0.27906413636670147
7.53906802,7.10360434,0.27816732163010793
7.53868713,7.09886317,0.27727021113987727
7.53924982,7.09847606,0.27580761076634647
7.53192606,7.09552797,0.2751475468296476
7.53128945,7.09349597,0.27379518564169003
7.53718456,7.0811032,0.27217562587041305
7.52460848,7.08379475,0.2710201687245124
7.52064751,7.07979718,0.2704711036485788
7.5162166,7.06891637,0.2677533608288554
7.50653304,7.06493242,0.2655829011706411
7.50182554,7.05599866,0.26338274667544215
7.49362235,7.04192136,0.2625699740799027
7.48943101,7.04712926,0.26382284429856423
7.48943078,7.03787061,0.26234761303096255
7.46365256,7.01775008,0.2591142028302897
7.46084983,6.9945724,0.2516682021742869
7.43946669,6.9574171,0.24765862588098525
7.4307261,6.94355765,0.23497407614435445
5.78082594,6.54788977,0.15221653498764556
5.79798884,6.53000247,0.14401216894535807
5.79497305,6.5320549,0.14267495844436223
5.81129209,6.50500373,0.14118660646256784
5.79254141,6.47202499,0.13100792506407835
5.80713467,6.39531149,0.0766852805625026
4.4640423,3.72190236,0.12999717107559905
4.49246981,3.58954429,0.2951366150117574
4.46381752,3.44042379,0.33293202732205407
4.50447049,3.41411545,0.33149496424580976
4.49897865,3.4348547,0.3343214171589504
4.49812822,3.41592458,0.3341350517152827
4.46897926,3.4426139,0.33307290433036557
4.5077009,3.41810612,0.33297914270834006
4.48107815,3.44250783,0.33434335744300886
4.50631152,3.43873766,0.33489940556026104
4.49602061,3.44807411,0.335725563779728
4.50638125,3.44592796,0.3363566997352778
4.48644081,3.44057969,0.3371782649676081
4.49207772,3.44596651,0.3383887908526058
4.50570242,3.44466248,0.3392529761017647
4.4890926,3.44523139,0.3390553235477258
4.50682539,3.45196547,0.33914259850244427
4.49695911,3.44514483,0.3390641470890039
4.49923117,3.44983967,0.33799654021025144
4.50173367,3.45886345,0.33637930028464397
4.48329697,3.44928126,0.33569979848662324
4.4922163,3.45765246,0.33328580269453173
4.49376733,3.45826529,0.3326525756331515
4.48866372,3.45306862,0.32983165572602713
4.49116646,3.44892544,0.3297123670142354
4.47241788,3.45571593,0.32684092640436446
4.48309842,3.45548808,0.32680508319977863
4.46838118,3.44789771,0.32621992038666514
4.47409019,3.45384709,0.324468452875614
4.45221088,3.44969397,0.3235381643788628
4.42759368,3.44548719,0.3204131036390093
4.41548583,3.44321172,0.3190275699183825
4.42839731,3.453273,0.3184518242023786
4.39705745,3.45011462,0.3160923978740807
4.28770314,3.45062339,0.2955833176098583
4.20807648,3.46235068,0.2600235703042108
4.12976418,3.4767655,0.13711736132010796
1.38668448,2.59745029,0.0991975016404915
1.35643204,2.52133978,0.13446403354926983
1.38755108,2.50047558,0.13744576380592058
1.38557874,2.50118338,0.14073498107765678
1.36559584,2.52259934,0.13714998705184206
1.40070569,2.50077482,0.14649874100947394
1.40453369,2.49941372,0.14847065414029292
1.41612445,2.4963614,0.1489993719653474
1.39933567,2.49748759,0.149625046721058
1.41927181,2.49501181,0.15146294676777464
1.42171969,2.49162355,0.15293961093051378
1.4256495,2.49436441,0.15385683500722339
1.43797373,2.49431017,0.15581474715406532
1.43809393,2.49249784,0.1563592666114605
1.43784886,2.49451385,0.1571376053677798
1.43905359,2.47892908,0.15473567481073547
1.4457727,2.50149946,0.1520970178828797
1.43697454,2.50345184,0.1513050136296551
1.43681345,2.50491314,0.15005908167854312
1.43775022,2.51645949,0.14769242433034982
1.4269041,2.50615546,0.14349525506951957
1.4268412,2.51631553,0.1422170648333812
1.41406533,2.52412546,0.13946309870146495
1.4120697,2.52580747,0.13819406357893715
1.42746147,2.5243836,0.1367291697786194
1.41452028,2.49398257,0.13630730404524505
1.41768839,2.51788762,0.13533160428686464
1.40764333,2.50473123,0.1343003282267847
1.40858804,2.52246034,0.13384243609477606
1.41974664,2.50662254,0.13339454605608322
1.40268399,2.49938272,0.13224059095529553
1.40379223,2.51811846,0.13623024260251831
1.41102977,2.46937426,0.13281753106629623
1.4052466,2.46956908,0.12344680662724099
1.40506166,2.4344265,0.11314300118245264
1.40563756,2.51501724,0.12855245759081904
1.4019478,2.53215015,0.1355153813626261
1.39918021,2.52433788,0.13271177544119078
1.40018516,2.54387735,0.13265446082093746
1.40381717,2.5344637,0.1330498817706822
1.39858461,2.53190198,0.13311418377138529
1.40148153,2.52747817,0.13334718005903987
1.39942128,2.52439987,0.1338583539513231
1.39806304,2.53059337,0.13413975244889187
1.40320222,2.52731978,0.13459546865184713
1.40457564,2.525954,0.1348125019735235
1.40193656,2.52563108,0.1349775643685042
1.40305952,2.52569364,0.13528795667871765
1.40234076,2.52884316,0.1362949652711575
1.40415067,2.52524246,0.1364997433365801
1.40388781,2.52366509,0.13652908276302922
1.40177167,2.51185547,0.13593119893995667
1.40116502,2.52208873,0.13632974067448408
1.40278483,2.52108671,0.13602088408291024
1.40027585,2.52111176,0.13586631054391426
1.40300618,2.51754126,0.1363945405758838
1.40651344,2.51739923,0.13650965034009183
1.40523524,2.52719518,0.13693398183745223
1.40846752,2.51374557,0.13720882638823495
1.40977553,2.52689702,0.13744216814492546
1.40927074,2.52726309,0.13788004166052834
1.41166417,2.52791427,0.139037754634092
1.41213821,2.52033371,0.13932075747315897
1.41331956,2.53161048,0.14012039501833606
1.41662157,2.53288854,0.14063542778022517
1.42127541,2.5368233,0.1443117700637286
1.42232354,2.53476938,0.1423455066252057
1.42512777,2.53474277,0.14193737255681224
1.42835132,2.51181599,0.13683343491018746
1.4257171,2.50002736,0.13447107145361195
1.42872421,2.47325668,0.12009569892974035
1.4291412,2.45833002,0.10773436321394692
1.42574976,2.45262094,0.10141457126044565
1.42698749,2.45253619,0.10142797835992658
1.42704122,2.46405191,0.10758271928808828
1.42782216,2.4721679,0.11381562963728706
1.42790825,2.49401659,0.12618965702066598
1.43167552,2.49818479,0.1323816286509337
1.42949661,2.53932347,0.13870695064799096
1.42746335,2.54626611,0.14323128575135563
1.43065783,2.55403711,0.145069383189427
1.42783511,2.5564427,0.14772578286828786
1.42399685,2.54931265,0.14395956591559497
1.41797372,2.5652255,0.1430916385903384
1.41877023,2.54370563,0.14146937958485278
1.41863277,2.53649743,0.14094274318309005
1.41461374,2.54771981,0.14021395717201052
1.41453908,2.54393823,0.13973205205299544
1.41124604,2.54330198,0.13820824067406734
1.4102714,2.53293883,0.1371757404413742
1.40787294,2.5469224,0.13663036512284402
1.40627048,2.53503883,0.1362053954890495
1.40795925,2.5253843,0.1358345903722023
1.408278,2.54435786,0.13535034321232964
1.40692,2.54006837,0.13550625516990025
1.40652455,2.54079358,0.13573503040131232
1.40862253,2.53728438,0.13608273235195767
1.40751965,2.53439648,0.1376353093607497
1.412702,2.53547966,0.1429774210103358
1.41311548,2.52282269,0.1385769846451596
1.41564701,2.58466794,0.11171984000474795
1.41497336,2.60743214,0.0952554817472827
1.40195025,2.62824772,0.07879063802025715
1.39899924,2.61603658,0.09326581665218665
1.39619325,2.61726059,0.09742142888107151
1.3986842,2.6091381,0.10561265660584306
1.39804525,2.60845594,0.1097604870470215
1.39950283,2.62217225,0.09920857433984666
2.16389957,7.18507178,0.06230736841403755
2.14027321,7.20557251,0.10485218089475275
2.12554984,7.21154292,0.11938460479999066
2.12565652,7.22628755,0.13197811061918527
2.12425893,7.24394007,0.140628544954217
2.12786164,7.26037573,0.14900301204885782
2.12585495,7.27560309,0.15509050545984598
2.13307883,7.27680138,0.15690777255640903
2.13253271,7.28391467,0.15753733176590567
2.13548073,7.2757059,0.1585283283504958
2.13370527,7.26991259,0.15457635215406346
2.13358561,7.26311387,0.1478033698921894
2.1383712,7.24845443,0.14227238440770631
2.14671253,7.2340579,0.13614170543586204
2.15730603,7.21442998,0.12291533271428802
2.1608346,7.21200747,0.11822917452909538
2.17800064,7.18947714,0.09812900813979779
2.1981685,7.17394609,0.07837116907562647
2.21175977,7.18111435,0.06341852614857985
2.19924126,7.1905859,0.0748963608732554
2.19966629,7.19908924,0.09146041503050918
2.19341614,7.21360252,0.11193897205728168
2.18284355,7.23063551,0.12261907871432483
2.17849688,7.2590073,0.14904208535888466
2.18464839,7.27232561,0.1579339440610853
2.1852538,7.29390613,0.16939550073459272
2.20031373,7.31767633,0.1827791606879476
2.21695422,7.35055531,0.19002725529813086
2.24133962,7.35234072,0.19201879036723507
2.23885463,7.3422048,0.19102000097227334
2.24738961,7.33497893,0.18926267564692328
2.23884843,7.34368692,0.1879664560251436
2.25041201,7.33993855,0.1879894992674297
2.23927948,7.3483086,0.1874088799244418
2.23669312,7.33896999,0.1862230037094375
2.23879195,7.34861344,0.18824815829934322
2.23044331,7.33556928,0.1885951508016271
2.2410851,7.32672133,0.18895559600023293
0.62679775,8.2999301,0.22736032384878627
0.63499404,8.31228941,0.22929906180197618
0.63009349,8.32011329,0.23050140615182416
0.63014176,8.32124602,0.2314815133081225
0.62496056,8.32567185,0.23155261060805515
0.62879544,8.32138116,0.23181408740077292
0.62441975,8.32584847,0.23183977173995512
0.62832873,8.32996869,0.23297105659802567
0.62852846,8.32967113,0.2337413613413788
0.62521305,8.31382454,0.2324636650885735
2.24451965,7.31741415,0.18932744105995034
2.23567359,7.31717789,0.18800804881527047
2.23651832,7.31976888,0.18755612505664682
2.23654881,7.31774042,0.18936426384169236
2.23405142,7.32540246,0.18860797640160637
2.23272942,7.32098223,0.18839185977557144
2.22851187,7.32570206,0.19020225552690068
2.22993985,7.32475623,0.18973774683769232
2.23032142,7.32876837,0.18977843423755214
2.23024863,7.32936044,0.19005805281156046
2.22935462,7.32843296,0.18935342325443577
2.22919004,7.32985255,0.19003355784829054
2.22733617,7.33137539,0.18994172708513846
2.2256058,7.33139237,0.18953940696675553
2.22915368,7.32888313,0.18941107544858138
2.22355536,7.33050418,0.18961963145470165
2.22332712,7.33674733,0.1887871184793973
2.22298812,7.33913508,0.19007303785021834
2.22629554,7.33462692,0.1890361604308551
2.21642278,7.34107245,0.18919546230090337
2.21677052,7.34224272,0.18755148958449855
0.61379024,8.34846454,0.24235426293390447
0.60901587,8.35957659,0.24308926978939666
0.61226235,8.35535315,0.24388550695005337
0.61257141,8.3529578,0.24481956734701676
0.61374313,8.34878863,0.247538892943249
0.60506236,8.38325285,0.24837718222566657
0.61723796,8.3470314,0.24077328426955388
0.6079419,8.37358735,0.24016278324774407
0.62327024,8.35503949,0.23841946760264046
0.61466742,8.35612899,0.23803602045668298
0.62032625,8.34577731,0.23697942779747788
0.61867039,8.34022059,0.23739605921611098
0.62164889,8.34961067,0.23695175000350277
0.61786664,8.34400533,0.23751927757221333
0.62358401,8.33775928,0.2381783637793729
0.61912107,8.34064799,0.23819962377585582
0.62017037,8.33733316,0.23908272059619223
0.61280225,8.33977515,0.24040984924045103
0.61805436,8.33124649,0.24099285676478807
0.61671912,8.3331612,0.2406665577224009
0.61319114,8.3342351,0.24086355275156615
0.61648024,8.33127992,0.24065577025116042
0.61842866,8.33165582,0.24034069454056944
0.63088775,8.31325882,0.23929369109581472
0.62619124,8.32611095,0.23849070940121014
0.62614042,8.32788349,0.2380294167120368
0.62355745,8.33008002,0.23712184810638146
0.62646315,8.32287651,0.23642465849242125
0.63004383,8.3312571,0.23553489227498553
0.63080289,8.33058489,0.23447721887080547
0.63977258,8.31301458,0.23391836954697892
0.63826609,8.33257279,0.23338158250602725
0.63225387,8.32121644,0.232474078396484
0.63201226,8.3267937,0.23205110167314896
0.63584337,8.33741769,0.23165951184821157
0.6385067,8.32557178,0.23181181052993335
0.63750676,8.32929288,0.23246663201183138
0.63922562,8.33464654,0.23261224990447613
0.64487872,8.33549924,0.23440194683979507
0.63011322,8.33293768,0.23734621232291112
0.63232129,8.33795255,0.2376744894437484
0.62646029,8.32717796,0.23824675401984385
0.6333045,8.33464997,0.23929575302311146
0.61086252,8.34165867,0.24440301650474874
0.62137831,8.33412595,0.24362103650481357
0.61410254,8.34622433,0.24339737103352807
2.2330602,7.33850162,0.18286227171739622
2.22658138,7.33500327,0.18263160631496225
2.23322382,7.33001328,0.18267406358041965
2.23360863,7.33146523,0.18329427332735632
2.23053511,7.3303364,0.18324679042893652
2.23111537,7.32300025,0.18786076013221203
2.22132019,7.32654029,0.18841325878923249
2.22501539,7.32146438,0.18746747888082083
2.22501721,7.32607304,0.18796260259887576
2.224735,7.32685673,0.1874207518884044
2.22017501,7.36645703,0.17948650603062305
2.22382527,7.38478537,0.17357192067327049
2.22421295,7.41716038,0.15304404680474584
2.22057563,7.44691587,0.12830433372575523
0.82573217,8.34511518,0.11380255524221464
0.7715794,8.33806953,0.18800937579534827
0.75816228,8.33668285,0.2004069722557988
0.73362075,8.33313024,0.2128227594620246
0.72310903,8.33246716,0.2169428354560256
0.70926148,8.32688949,0.21914359174195192
0.70345751,8.32885534,0.22129473486500534
0.70389273,8.32602203,0.22156389787894987
0.7138418,8.32345904,0.2204188420020004
0.70175011,8.32590023,0.2207262307181938
0.71639226,8.32695891,0.21885651689653526
0.71911979,8.32491416,0.21781011116632065
0.73115489,8.3214006,0.21735550085253078
0.73116938,8.32459675,0.2178218221023617
0.78064788,8.32348994,0.21156229942997784
0.82534383,8.31778375,0.1890000098242547
2.22843605,7.41968895,0.15216636784448787
2.24112775,7.38785578,0.170694118979178
2.23802737,7.38963606,0.16667641896618055
2.24102072,7.36045678,0.1790959499737594
2.23756894,7.33050295,0.18139646326839579
2.23574455,7.34015329,0.1821549956915671
2.2354597,7.32503154,0.18297878057112144
2.24133162,7.31817423,0.1834100335732489
2.23050375,7.33271049,0.18310405090948956
2.24663291,7.32807016,0.18566052536899938
2.22691028,7.31757047,0.18658806181984747
2.23535319,7.32233763,0.1882491791313376
2.2270014,7.31700358,0.18871053019641776
2.22934375,7.31822623,0.19017815691887344
2.21531046,7.31336834,0.19155782136649022
2.22539722,7.30444864,0.1940667382959137
2.20913571,7.310854,0.1947535137752707
2.2353085,7.35088482,0.1826128479521467
2.27069763,7.35789488,0.16694779762480774
2.27794716,7.3633505,0.14732942698405407
2.28959717,7.376692,0.132462940601049
2.2905271,7.37233809,0.12955738552167737
2.2968324,7.37809328,0.11926875969609557
2.30129526,7.38121651,0.11482020804454494
2.29469521,7.38450051,0.11874472482371429
2.29827661,7.38128487,0.1232217725299488
2.28659586,7.38755432,0.1346970085743605
2.28332571,7.39174759,0.1372857375790521
2.25722273,7.39045355,0.1595521277773646
2.25536009,7.39121637,0.1651147127743525
2.24410979,7.38803835,0.17284844633337837
2.23981138,7.38303812,0.17670453907973424
2.22263685,7.36557845,0.18523937067460622
2.21031294,7.34404746,0.18897707748806988
2.22478731,7.34549948,0.18018197724013038
2.23364176,7.3596601,0.17597020597644167
2.23948588,7.37775564,0.17129160024359025
2.24082835,7.38802715,0.16732441581847923
2.24683348,7.38721164,0.16702036149400262
2.25278414,7.40195459,0.1629388953576529
2.25436618,7.40183619,0.1609619816397266
2.25653667,7.40158491,0.1629227586815575
2.25644778,7.41462906,0.1547589470952543
2.25954843,7.42577544,0.15040258967056525
2.27181101,7.42637628,0.1525635914740952
2.25735978,7.4361839,0.14629823370332873
2.27056706,7.4233344,0.15044257260943214
2.2605485,7.44160758,0.1463757823836035
2.27971586,7.44714751,0.14247122626295758
2.29890011,7.47341684,0.1140091366697164
2.34664283,7.46595371,0.08167788195912354
7.47529432,7.35992408,0.08969725867978522
7.52625236,7.35603514,0.16239642364812867
7.54480462,7.34392493,0.17127841642445488
7.54120454,7.33922691,0.16924124354660344
7.54295021,7.33885619,0.17350187560923913
7.54469049,7.33618248,0.17769259054764058
7.54901518,7.33586869,0.17371755406689762
7.54624808,7.32757988,0.1737403698567531
7.55204961,7.32920869,0.17997597540745316
7.55712843,7.32386847,0.18202829303104387
7.55590559,7.32671883,0.18225633223167076
7.54092923,7.31952781,0.18555766063241064
7.52893051,7.31302417,0.19098232414692734
7.51572491,7.31422009,0.18706247010272214
7.5073647,7.31693052,0.17791603140783688
7.4880835,7.31498066,0.17174398081884776
7.48147087,7.30907647,0.16479649881496028
7.4696627,7.3055944,0.1574941681067965
7.46215477,7.30029646,0.1558817596497256
7.45409491,7.29533118,0.14867710679223
7.44509756,7.28539426,0.15305014844928796
7.44334229,7.28204521,0.1548491284858915
7.43994252,7.27583471,0.15723819028592698
7.43907127,7.26850795,0.15837612307076748
7.44435851,7.2724053,0.16200271888038706
7.44436708,7.27086624,0.16441596056839267
7.46114901,7.26987636,0.1747130677208149
7.47065954,7.27451165,0.1811259729461863
7.4790675,7.27805766,0.18211852994039784
7.54334509,7.27691275,0.21778932771436554
7.55418632,7.27003894,0.22970545503195713
7.55996502,7.25546928,0.23934258905696212
7.60185562,7.23486864,0.26536883719467985
7.59422377,7.24113878,0.25728152648249814
7.57697578,7.25203668,0.24494133030834137
7.57848495,7.25649677,0.24091069455457537
7.57408148,7.26852866,0.23300785730748128
7.59738117,7.28290928,0.22702072000510087
7.57364869,7.28677271,0.21467308017588613
7.58374869,7.30556795,0.20865405552869454
7.57121922,7.30099645,0.2005082059237326
7.57062052,7.31644315,0.19031775361817785
7.58159196,7.31884757,0.19025237966403125
7.5763953,7.3429007,0.15898853013657646
7.56620005,7.33895257,0.16108000681831713
7.57049402,7.34761425,0.14047181023524527
7.56982139,7.34447516,0.15075576497457335
7.56651285,7.34819912,0.14037685535326333
7.57043333,7.35096577,0.14248951054001543
7.5673972,7.3607171,0.12185359927211808
7.56996527,7.36618217,0.111468923559353
7.5635564,7.37678774,0.06198911184703681
7.55167936,7.37213994,0.06632948820631597
7.55122263,7.35590824,0.11802226495141438
7.55479482,7.34044836,0.1448575978033856
7.54438762,7.33141334,0.1593332248539018
7.55035771,7.30427966,0.1943768118431993
7.55070613,7.28997144,0.20461122599529924
7.55635914,7.26374799,0.23324998527505345
7.55513642,7.24693461,0.24562484518702685
7.55430387,7.21286893,0.26635946500631585
7.55863691,7.18373952,0.2766136082053708
7.56065654,7.15009849,0.2868939834930353
7.56116463,7.14216636,0.28874253419027845
7.56229529,7.12188819,0.291907355351134
7.56144359,7.11211986,0.2917563482514381
7.56644738,7.09524107,0.2915747042351845
7.56570393,7.10194036,0.29258118081765616
7.56388783,7.102597,0.2933522460157294
7.56605332,7.10897624,0.29291551981839714
7.56106977,7.10756645,0.29207066019042655
7.57868795,7.11100915,0.29269034921887416
7.56219046,7.10254287,0.29165224254194466
7.56718124,7.10764018,0.29144693488105194
7.5608128,7.10757001,0.29001045100076334
7.56208922,7.10533347,0.29080466033528746
7.56862793,7.10605177,0.29048750149352126
7.55945339,7.10615559,0.2861294153481101
7.55437346,7.11359901,0.286285980856304
7.56116816,7.10858121,0.28634635081863924
7.56880422,7.11977981,0.2864961796695497
7.5577186,7.10752268,0.28771450266935394
7.56062493,7.1112772,0.28896754960223814
7.55511037,7.1105886,0.28952857534189236
7.5434169,7.1105605,0.2958773993571692
7.54280179,7.10729252,0.29650680831592774
7.54266454,7.09947747,0.3004597415430797
7.54048462,7.09798047,0.30149057073417157
7.53954401,7.09543159,0.3023546182406815
7.53427184,7.0947689,0.30455325156686186
7.53167493,7.09196233,0.30583824180216096
7.52732588,7.09496388,0.30802743449830816
7.52677648,7.09470248,0.3081238772608142
7.5246159,7.09697412,0.3075726013853434
7.52432147,7.09410146,0.3070378045811614
7.52134878,7.10096538,0.30724382573365333
7.52637073,7.10045823,0.305887242723115
7.51963679,7.0988143,0.30620950343290976
7.52887333,7.09884473,0.3054699372850441
7.52971887,7.10144021,0.3035854962505628
7.52790501,7.10138276,0.30279313252991513
7.52458214,7.10219641,0.30304008003341304
7.5334901,7.10152796,0.30287559877479575
7.52753344,7.09728998,0.30254858099502924
7.52899176,7.09948025,0.30086137436822996
7.53318611,7.09857148,0.29975003296939895
7.5434722,7.10171008,0.29911916480058665
7.54344158,7.10252357,0.2988360993034145
7.54820966,7.10721845,0.2926297926839455
7.53911407,7.10520408,0.2916969434994168
7.54984745,7.10518255,0.2905664566729479
7.55215096,7.10394153,0.28971041673136105
7.54286769,7.1000346,0.2892667143239126
7.55305403,7.10328937,0.28883302874266575
7.54214684,7.1129296,0.2881292891449496
7.54815783,7.1048065,0.28782054872558094
7.55598673,7.10023569,0.2879793666626452
7.54821694,7.11184294,0.2874768594944445
7.56125178,7.09206995,0.2876230605613609
7.55252576,7.11261457,0.28762495740123944
7.55975786,7.10442264,0.28764590321586053
7.55636395,7.11200088,0.2880457880949271
7.5606217,7.10092986,0.2884715953063362
7.55747305,7.11505863,0.2890970072400544
7.556071,7.1027133,0.28902735065916607
7.55424386,7.11457622,0.2907893113197011
7.55614917,7.11974106,0.2922635439957471
7.55524405,7.12471696,0.2983860082291023
7.55829015,7.12821592,0.2985000865142348
7.56145011,7.120119,0.2976891574768529
7.5579039,7.12722166,0.297298046881744
7.55792445,7.12070506,0.2975859870649103
7.56135113,7.12617725,0.29782487842592464
7.55422272,7.13330065,0.29726303605530463
7.55280356,7.13141313,0.29680025204814436
7.55348177,7.13388471,0.29777893858001186
7.55506134,7.13525749,0.2974136495303216
7.55474105,7.1362352,0.2978622665125068
7.55123955,7.13473688,0.29830879251375964
7.55590788,7.13506207,0.29122935199109384
7.55412209,7.12786709,0.29074020290037594
7.55205193,7.1245717,0.2902220183619321
7.54970389,7.12625651,0.2899712997792478
7.55178583,7.12422371,0.28917495731659565
7.55247091,7.12423742,0.2895408949153031
7.54869563,7.12396202,0.2892616713088759
7.54786126,7.11848126,0.28904922422224916
7.5502661,7.12082266,0.2892838400157642
7.5483194,7.11747177,0.2890146942939916
7.5476006,7.11699047,0.2888921775753946
7.54801363,7.11577922,0.2882784361239955
7.54171841,7.11307123,0.2873152869979747
7.54585408,7.11335766,0.28674105253001864
7.55424401,7.11183795,0.2866489949825053
7.55094832,7.10697527,0.2852344583798883
7.55447311,7.1063651,0.2841096150742921
7.54977765,7.1016265,0.2843255941915166
7.55961595,7.09813379,0.2832298624587492
7.5499985,7.10505209,0.2832891794502097
7.55960211,7.10069592,0.2827814676671543
7.54272404,7.10377491,0.28517419554227685
7.55602167,7.10165736,0.2838731194474962
7.54395771,7.10170251,0.2844295125283398
7.55419632,7.1090802,0.28362946172687653
7.54160725,7.09765987,0.2831427782532311
7.55613619,7.07068779,0.2793201165516465
7.54906017,7.04017778,0.27267614173620147
7.55612065,6.96814022,0.24380902962690781
7.53679503,6.92552298,0.21691950271078156
6.43382073,2.14970358,0.11124491516063818
6.44735445,2.11908327,0.1524832186038511
6.45780201,2.10831323,0.1776521381414992
6.46549576,2.08108526,0.18808361832592668
6.4609611,2.06160092,0.2252184558471481
6.45868823,2.02728739,0.24303006294706497
6.46117092,2.01757803,0.25203018609996447
6.44804595,1.99130654,0.2734742097919959
6.44979533,1.97760655,0.2811393510351629
6.44570562,1.97888012,0.2865589899846222
6.44113717,1.98028518,0.2839895000610796
6.44636773,1.97965225,0.2794905923301108
6.44830921,1.98772608,0.27445232114804446
6.45219527,1.98673172,0.2678682292094653
6.45350361,2.00874632,0.2598330737487292
6.46240912,2.02704321,0.22944474604741946
6.46193446,2.03823999,0.2184672840855633
6.45787099,2.04225941,0.21026722532372236
6.45580225,2.06219791,0.19588833430186597
6.45375287,2.07205522,0.1841936678194871
6.44854991,2.08182481,0.17269023119967444
6.44593867,2.08653952,0.1676702885529141
6.44277264,2.08764623,0.16194713662898247
6.44302228,2.08828307,0.16195319061775817
6.4484987,2.08541583,0.1589581529296846
6.44761191,2.08038045,0.1610617637620825
6.44650218,2.07898003,0.16568608588670913
6.45229592,2.06238333,0.17063083008735735
6.45589792,2.05121093,0.1854972502513883
6.44853388,2.04525307,0.19961562736442132
6.45165951,2.02154065,0.21148942483575978
6.44380241,2.01933624,0.22442780075301036
6.44663037,1.99369045,0.23783352187084614
6.4365383,1.9929622,0.2536748445448906
6.42418828,1.94765594,0.2845386401753257
6.40175552,1.91147275,0.30455455973505785
6.39600763,1.89175111,0.3220098908619232
6.37433566,1.88960279,0.32801144001846927
6.36457118,1.89058043,0.3342286824099921
6.36755226,1.88752439,0.32796452162491707
6.36373534,1.87479999,0.3383439530128045
6.3478624,1.88958149,0.3465195306477632
6.33832728,1.87934623,0.34660718286552117
6.34549802,1.88097606,0.35097506812670615
6.33777445,1.89049118,0.3512657790283056
6.34123754,1.88361342,0.35137825128483163
6.35148888,1.88282158,0.34313765826711545
6.35161691,1.86878499,0.3515560831882033
6.35803438,1.8816137,0.345963560835433
6.40019361,1.85215469,0.3100573448686848
6.41510845,1.84528836,0.30275777133964366
6.41160588,1.84371344,0.2977291452035341
6.41554348,1.84379839,0.29569259861780023
6.42496339,1.84126843,0.2870764190374806
6.43270772,1.83720064,0.28307236721427786
6.43004026,1.84101028,0.27857529137015313
6.42806946,1.84383132,0.28718840707261223
6.42359319,1.84727018,0.2887687111559208
6.42158422,1.85519785,0.2959141798523352
6.4153496,1.86531234,0.3024475460031942
6.41478264,1.87474239,0.30507888296970687
6.41303321,1.89006307,0.30987738542027166
6.40814882,1.89433576,0.31321466251772384
6.40941452,1.90548519,0.3056778062627178
6.413154,1.90543825,0.3016963247651347
6.41331401,1.90729478,0.3019353136256522
6.41766319,1.90935344,0.29996281849101236
6.41771478,1.90644469,0.3000215929326689
6.41897934,1.90429079,0.29800220101390035
6.424482,1.90334907,0.29398007543392873
6.42353954,1.90201882,0.2980465185371746
6.42768817,1.90529652,0.2916315308230529
6.42231164,1.90204266,0.29782291128714283
6.41881686,1.90018351,0.3018635126914422
6.41418254,1.90227277,0.30349160098648686
6.39917988,1.89322727,0.31386025485040275
6.41672047,1.87854218,0.31648048138776425
6.42267763,1.87475242,0.30486448787643405
6.44824672,1.85348178,0.2883234260509566
6.45110306,1.83861845,0.28116726079697846
6.46865988,1.81132266,0.2610299725268026
6.45846876,1.78818924,0.25210877980429247
6.47167918,1.78295392,0.2511622575640349
6.46962955,1.74988482,0.22541492434716803
6.4771378,1.7130268,0.19147848346932567
6.46971194,1.67040718,0.16725685063112802
6.30677363,1.59909779,0.11826513054412041
6.31099215,1.62244617,0.17367214203986672
6.31713723,1.6350198,0.21618567988272605
6.31255972,1.65545928,0.2514248660368633
6.28552571,1.70668952,0.3085003646937819
6.28114532,1.71006557,0.3205263028158215
6.25767569,1.75434098,0.3530848189285467
6.22970274,1.7943569,0.37308827515505744
6.19632582,1.88316632,0.38139194769292345
6.2023102,1.87454254,0.38046281942601634
6.20495803,1.87845982,0.378877174095779
6.20845583,1.86680326,0.37791458189905436
6.20609552,1.85845911,0.3754027043861059
6.20385378,1.86571507,0.374216276324206
6.21278345,1.86150588,0.37433128337833155
6.21090679,1.85835977,0.3714810011844074
6.20737884,1.85391326,0.36810262950259287
6.20328989,1.77880918,0.35742065389814864
6.19962192,1.75082544,0.3491922276550503
6.2010982,1.71105837,0.33267057096517705
6.20087516,1.6656295,0.3036632875048615
6.19053099,1.59927865,0.2540508688043926
6.19555846,1.57398912,0.21268432152044808
6.16727177,1.57523853,0.11096886030956252
6.18072349,1.6002542,0.21336352466332242
6.17887654,1.64767075,0.2791790800679737
6.17194654,1.68230765,0.2998095719018953
6.17663667,1.70287215,0.3285218543795115
6.16359981,1.75103672,0.3452084497021766
6.18138178,1.75666426,0.3600127687269527
6.1783304,1.81084693,0.3768516607331813
6.18381654,1.81557981,0.3768223440010506
6.17434567,1.84107603,0.38149541571287165
6.17691089,1.85288418,0.3818454872050106
6.1689198,1.87161195,0.3823900114931827
6.18016909,1.88822311,0.3814605059152088
6.17994473,1.90006125,0.3823638584452555
6.18064528,1.8837961,0.3811026105472324
6.1813237,1.89539614,0.3826581182658716
6.18912132,1.89522921,0.3842609826118222
6.18439896,1.88804647,0.38709166796948064
6.18741971,1.882965,0.38832346468976137
6.19149642,1.89112873,0.39140742691862696
6.19795926,1.84296588,0.3924104570858737
6.20297193,1.82393411,0.3898382587146153
6.21149969,1.76463254,0.3709017859337275
6.21869735,1.73660038,0.3545882658425891
6.21802367,1.68842914,0.3220636282715779
6.2129827,1.66738362,0.30973360507811043
6.21279199,1.64099889,0.2789677327461091
6.21381241,1.62258852,0.2604451929095932
6.21011306,1.60999048,0.24185357459133694
6.21064308,1.58217646,0.1986243769321855
6.20885753,1.56042693,0.1594141600551665
6.22376984,1.53344555,0.10563970827509997
6.20312786,1.51682862,0.0637475096247245
6.20153286,1.51834616,0.06785730213369918
6.1933855,1.54988553,0.16637392817573834
6.18526036,1.56225705,0.1705852028054226
6.1760179,1.62212494,0.257204824899495
6.17172597,1.62050171,0.2592600045570115
6.17177225,1.66297006,0.29441396971087613
6.18056527,1.67819793,0.30475235178063015
6.17036539,1.68430825,0.31138319372701684
6.16925152,1.71519097,0.3219355487874065
6.17396678,1.71067431,0.3305020468690027
6.13934939,1.68985415,0.3174599551033186
6.09723852,1.66355356,0.28819990276280955
6.04749872,1.65834071,0.26788874609186625
6.03010739,1.66065895,0.24750682043769698
5.96507744,1.68150097,0.19995318748424348
5.93614652,1.70120583,0.19054240142887102
5.88363371,1.7672357,0.12747787606261596
