id,frame,X,Y,orientation
-1,frame000000.png,0,0,0
-1,frame000001.png,0,0,0
-1,frame000002.png,0,0,0
-1,frame000003.png,0,0,0
-1,frame000004.png,0,0,0
-1,frame000005.png,0,0,0
-1,frame000006.png,0,0,0
-1,frame000007.png,0,0,0
-1,frame000008.png,0,0,0
-1,frame000009.png,0,0,0
-1,frame000010.png,0,0,0
-1,frame000011.png,0,0,0
-1,frame000012.png,0,0,0
-1,frame000013.png,0,0,0
-1,frame000014.png,0,0,0
-1,frame000015.png,0,0,0
-1,frame000016.png,0,0,0
-1,frame000017.png,0,0,0
-1,frame000018.png,0,0,0
-1,frame000019.png,0,0,0
-1,frame000020.png,0,0,0
-1,frame000021.png,0,0,0
-1,frame000022.png,0,0,0
-1,frame000023.png,0,0,0
-1,frame000024.png,0,0,0
-1,frame000025.png,0,0,0
0,frame000026.png,538,328,1.2908252085787777
0,frame000027.png,609,219,1.2477155026478428
0,frame000028.png,581,240,1.385144080849765
0,frame000029.png,547,249,1.337215288373579
0,frame000030.png,538,273,1.332143749324827
0,frame000031.png,518,277,1.3052472098472832
0,frame000032.png,510,302,1.2335988964577818
0,frame000033.png,493,309,1.3173688895344884
0,frame000034.png,480,323,1.235647476139077
0,frame000035.png,477,335,1.205297785281302
0,frame000036.png,458,353,1.278731229048883
-1,frame000037.png,0,0,0
-1,frame000038.png,0,0,0
0,frame000039.png,476,304,1.5295222275228648
-1,frame000040.png,0,0,0
-1,frame000041.png,0,0,0
-1,frame000042.png,0,0,0
-1,frame000043.png,0,0,0
-1,frame000044.png,0,0,0
-1,frame000045.png,0,0,0
-1,frame000046.png,0,0,0
-1,frame000047.png,0,0,0
-1,frame000048.png,0,0,0
-1,frame000049.png,0,0,0
-1,frame000050.png,0,0,0
-1,frame000051.png,0,0,0
-1,frame000052.png,0,0,0
-1,frame000053.png,0,0,0
-1,frame000054.png,0,0,0
-1,frame000055.png,0,0,0
-1,frame000056.png,0,0,0
-1,frame000057.png,0,0,0
-1,frame000058.png,0,0,0
-1,frame000059.png,0,0,0
-1,frame000060.png,0,0,0
-1,frame000061.png,0,0,0
0,frame000062.png,258,408,1.2525587333298729
0,frame000063.png,263,376,1.2699166832409463
0,frame000064.png,252,359,1.347465034676644
0,frame000065.png,255,346,1.2937243751864946
0,frame000066.png,245,338,1.339751172486539
0,frame000067.png,243,314,1.3114235660583557
0,frame000068.png,236,290,1.289982450276423
0,frame000069.png,234,278,1.291389103075356
0,frame000070.png,226,266,1.2899188776918313
0,frame000071.png,225,245,1.2837572680750984
0,frame000072.png,221,222,1.2626977076700865
0,frame000073.png,220,213,1.266398104315722
0,frame000074.png,215,194,1.2585582137813929
0,frame000075.png,216,184,1.2462919320812378
0,frame000076.png,218,164,1.2380484127261988
0,frame000077.png,223,155,1.2332409297573597
0,frame000078.png,229,138,1.2249009450199673
0,frame000079.png,235,132,1.227306177634505
0,frame000080.png,239,119,1.2251645113033114
0,frame000081.png,246,112,1.2089800971006415
0,frame000082.png,251,97,1.1956690610813268
0,frame000083.png,257,87,1.1871371028659463
0,frame000084.png,265,80,1.1849708517406121
0,frame000085.png,270,72,1.1597051812361638
0,frame000086.png,273,71,1.1875202147573523
0,frame000087.png,277,68,1.1758956528164226
0,frame000088.png,281,70,1.1881068950893998
0,frame000089.png,285,73,1.1967573215360703
0,frame000090.png,289,78,1.198514829391762
0,frame000091.png,289,84,1.1761666681671807
0,frame000092.png,289,94,1.200896814481703
0,frame000093.png,287,99,1.1972281344504012
0,frame000094.png,288,106,1.2270681800573704
0,frame000095.png,281,118,1.2195001199462847
0,frame000096.png,274,132,1.240442011685687
0,frame000097.png,269,145,1.2543563316632478
0,frame000098.png,255,159,1.2595324405308146
0,frame000099.png,251,166,1.2672748018825357
0,frame000100.png,234,181,1.2778566687740072
0,frame000101.png,214,196,1.2890838064431096
0,frame000102.png,208,203,1.2963725099892716
0,frame000103.png,198,211,1.3013177817952843
0,frame000104.png,182,220,1.308078636899112
0,frame000105.png,177,226,1.3175135838949144
0,frame000106.png,152,240,1.3287765454505367
0,frame000107.png,146,245,1.3311714170338815
0,frame000108.png,119,255,1.3350200449822849
0,frame000109.png,98,262,1.3435352397037454
0,frame000110.png,74,270,1.3386867093150308
0,frame000111.png,44,277,1.3415258136848744
0,frame000112.png,31,278,1.3410870345560764
0,frame000113.png,7,277,1.348704042431393
-1,frame000114.png,0,0,0
-1,frame000115.png,0,0,0
-1,frame000116.png,0,0,0
-1,frame000117.png,0,0,0
-1,frame000118.png,0,0,0
-1,frame000119.png,0,0,0
-1,frame000120.png,0,0,0
-1,frame000121.png,0,0,0
-1,frame000122.png,0,0,0
-1,frame000123.png,0,0,0
-1,frame000124.png,0,0,0
-1,frame000125.png,0,0,0
-1,frame000126.png,0,0,0
-1,frame000127.png,0,0,0
-1,frame000128.png,0,0,0
-1,frame000129.png,0,0,0
-1,frame000130.png,0,0,0
-1,frame000131.png,0,0,0
-1,frame000132.png,0,0,0
-1,frame000133.png,0,0,0
-1,frame000134.png,0,0,0
-1,frame000135.png,0,0,0
-1,frame000136.png,0,0,0
-1,frame000137.png,0,0,0
-1,frame000138.png,0,0,0
-1,frame000139.png,0,0,0
-1,frame000140.png,0,0,0
-1,frame000141.png,0,0,0
-1,frame000142.png,0,0,0
-1,frame000143.png,0,0,0
-1,frame000144.png,0,0,0
-1,frame000145.png,0,0,0
-1,frame000146.png,0,0,0
-1,frame000147.png,0,0,0
-1,frame000148.png,0,0,0
-1,frame000149.png,0,0,0
-1,frame000150.png,0,0,0
-1,frame000151.png,0,0,0
-1,frame000152.png,0,0,0
-1,frame000153.png,0,0,0
-1,frame000154.png,0,0,0
-1,frame000155.png,0,0,0
-1,frame000156.png,0,0,0
-1,frame000157.png,0,0,0
-1,frame000158.png,0,0,0
-1,frame000159.png,0,0,0
-1,frame000160.png,0,0,0
-1,frame000161.png,0,0,0
-1,frame000162.png,0,0,0
-1,frame000163.png,0,0,0
-1,frame000164.png,0,0,0
-1,frame000165.png,0,0,0
-1,frame000166.png,0,0,0
-1,frame000167.png,0,0,0
-1,frame000168.png,0,0,0
-1,frame000169.png,0,0,0
-1,frame000170.png,0,0,0
-1,frame000171.png,0,0,0
-1,frame000172.png,0,0,0
-1,frame000173.png,0,0,0
-1,frame000174.png,0,0,0
-1,frame000175.png,0,0,0
-1,frame000176.png,0,0,0
-1,frame000177.png,0,0,0
-1,frame000178.png,0,0,0
-1,frame000179.png,0,0,0
-1,frame000180.png,0,0,0
-1,frame000181.png,0,0,0
-1,frame000182.png,0,0,0
-1,frame000183.png,0,0,0
-1,frame000184.png,0,0,0
-1,frame000185.png,0,0,0
-1,frame000186.png,0,0,0
-1,frame000187.png,0,0,0
-1,frame000188.png,0,0,0
-1,frame000189.png,0,0,0
-1,frame000190.png,0,0,0
-1,frame000191.png,0,0,0
-1,frame000192.png,0,0,0
-1,frame000193.png,0,0,0
-1,frame000194.png,0,0,0
-1,frame000195.png,0,0,0
-1,frame000196.png,0,0,0
-1,frame000197.png,0,0,0
-1,frame000198.png,0,0,0
-1,frame000199.png,0,0,0
-1,frame000200.png,0,0,0
-1,frame000201.png,0,0,0
-1,frame000202.png,0,0,0
-1,frame000203.png,0,0,0
-1,frame000204.png,0,0,0
-1,frame000205.png,0,0,0
-1,frame000206.png,0,0,0
-1,frame000207.png,0,0,0
-1,frame000208.png,0,0,0
-1,frame000209.png,0,0,0
-1,frame000210.png,0,0,0
-1,frame000211.png,0,0,0
-1,frame000212.png,0,0,0
-1,frame000213.png,0,0,0
-1,frame000214.png,0,0,0
-1,frame000215.png,0,0,0
-1,frame000216.png,0,0,0
-1,frame000217.png,0,0,0
-1,frame000218.png,0,0,0
-1,frame000219.png,0,0,0
-1,frame000220.png,0,0,0
-1,frame000221.png,0,0,0
-1,frame000222.png,0,0,0
-1,frame000223.png,0,0,0
-1,frame000224.png,0,0,0
-1,frame000225.png,0,0,0
-1,frame000226.png,0,0,0
-1,frame000227.png,0,0,0
-1,frame000228.png,0,0,0
-1,frame000229.png,0,0,0
-1,frame000230.png,0,0,0
-1,frame000231.png,0,0,0
-1,frame000232.png,0,0,0
-1,frame000233.png,0,0,0
-1,frame000234.png,0,0,0
-1,frame000235.png,0,0,0
-1,frame000236.png,0,0,0
-1,frame000237.png,0,0,0
-1,frame000238.png,0,0,0
-1,frame000239.png,0,0,0
-1,frame000240.png,0,0,0
-1,frame000241.png,0,0,0
-1,frame000242.png,0,0,0
-1,frame000243.png,0,0,0
-1,frame000244.png,0,0,0
-1,frame000245.png,0,0,0
-1,frame000246.png,0,0,0
-1,frame000247.png,0,0,0
-1,frame000248.png,0,0,0
-1,frame000249.png,0,0,0
-1,frame000250.png,0,0,0
-1,frame000251.png,0,0,0
-1,frame000252.png,0,0,0
-1,frame000253.png,0,0,0
-1,frame000254.png,0,0,0
-1,frame000255.png,0,0,0
-1,frame000256.png,0,0,0
-1,frame000257.png,0,0,0
-1,frame000258.png,0,0,0
-1,frame000259.png,0,0,0
-1,frame000260.png,0,0,0
-1,frame000261.png,0,0,0
-1,frame000262.png,0,0,0
-1,frame000263.png,0,0,0
-1,frame000264.png,0,0,0
-1,frame000265.png,0,0,0
-1,frame000266.png,0,0,0
-1,frame000267.png,0,0,0
-1,frame000268.png,0,0,0
-1,frame000269.png,0,0,0
-1,frame000270.png,0,0,0
-1,frame000271.png,0,0,0
-1,frame000272.png,0,0,0
-1,frame000273.png,0,0,0
-1,frame000274.png,0,0,0
-1,frame000275.png,0,0,0
-1,frame000276.png,0,0,0
-1,frame000277.png,0,0,0
-1,frame000278.png,0,0,0
-1,frame000279.png,0,0,0
-1,frame000280.png,0,0,0
-1,frame000281.png,0,0,0
-1,frame000282.png,0,0,0
-1,frame000283.png,0,0,0
-1,frame000284.png,0,0,0
-1,frame000285.png,0,0,0
-1,frame000286.png,0,0,0
-1,frame000287.png,0,0,0
-1,frame000288.png,0,0,0
-1,frame000289.png,0,0,0
-1,frame000290.png,0,0,0
-1,frame000291.png,0,0,0
-1,frame000292.png,0,0,0
-1,frame000293.png,0,0,0
-1,frame000294.png,0,0,0
-1,frame000295.png,0,0,0
-1,frame000296.png,0,0,0
-1,frame000297.png,0,0,0
-1,frame000298.png,0,0,0
-1,frame000299.png,0,0,0
-1,frame000300.png,0,0,0
-1,frame000301.png,0,0,0
-1,frame000302.png,0,0,0
-1,frame000303.png,0,0,0
-1,frame000304.png,0,0,0
-1,frame000305.png,0,0,0
-1,frame000306.png,0,0,0
-1,frame000307.png,0,0,0
-1,frame000308.png,0,0,0
-1,frame000309.png,0,0,0
-1,frame000310.png,0,0,0
-1,frame000311.png,0,0,0
-1,frame000312.png,0,0,0
-1,frame000313.png,0,0,0
-1,frame000314.png,0,0,0
-1,frame000315.png,0,0,0
-1,frame000316.png,0,0,0
-1,frame000317.png,0,0,0
-1,frame000318.png,0,0,0
-1,frame000319.png,0,0,0
-1,frame000320.png,0,0,0
-1,frame000321.png,0,0,0
3,frame000322.png,343,23,-1.8806187936059178
-1,frame000323.png,0,0,0
3,frame000324.png,338,55,-1.693773134362969
3,frame000325.png,343,37,-1.914951989517272
0,frame000326.png,240,52,1.3665090916686595
3,frame000327.png,342,39,-1.976725406570857
0,frame000328.png,386,56,3.023385198013938
3,frame000329.png,334,63,-1.6754469642402696
-1,frame000330.png,0,0,0
3,frame000331.png,319,93,-1.2642488730689208
1,frame000332.png,489,67,2.729466541012303
3,frame000333.png,331,39,-1.845152412655524
3,frame000334.png,330,40,-1.84282651801756
0,frame000335.png,507,54,1.8410644677149441
1,frame000336.png,452,68,1.5787976294733337
-1,frame000337.png,0,0,0
-1,frame000338.png,0,0,0
-1,frame000339.png,0,0,0
-1,frame000340.png,0,0,0
-1,frame000341.png,0,0,0
-1,frame000342.png,0,0,0
-1,frame000343.png,0,0,0
-1,frame000344.png,0,0,0
-1,frame000345.png,0,0,0
-1,frame000346.png,0,0,0
-1,frame000347.png,0,0,0
-1,frame000348.png,0,0,0
-1,frame000349.png,0,0,0
-1,frame000350.png,0,0,0
-1,frame000351.png,0,0,0
-1,frame000352.png,0,0,0
-1,frame000353.png,0,0,0
-1,frame000354.png,0,0,0
-1,frame000355.png,0,0,0
-1,frame000356.png,0,0,0
-1,frame000357.png,0,0,0
-1,frame000358.png,0,0,0
-1,frame000359.png,0,0,0
3,frame000360.png,307,1,-2.1090015429695046
0,frame000361.png,456,70,2.279625285170187
0,frame000362.png,454,74,-2.5524594821234388
3,frame000363.png,306,38,-2.0485704423562434
3,frame000364.png,307,54,-2.1245667301233935
3,frame000365.png,307,61,-2.1250176982675035
1,frame000366.png,-6,3,-2.8134059509622285
3,frame000367.png,309,92,-2.1518413771668334
-1,frame000368.png,0,0,0
3,frame000369.png,312,148,-2.085169361049295
3,frame000370.png,314,164,-2.089786186053734
3,frame000371.png,314,183,-2.084653170628182
3,frame000372.png,315,192,-2.090573995813813
3,frame000373.png,315,209,-2.080790639063062
3,frame000374.png,315,219,-2.0592986996603377
3,frame000375.png,316,227,-2.089726558160089
3,frame000376.png,319,245,-2.04950784005386
3,frame000377.png,323,255,-2.063314330308443
3,frame000378.png,323,260,-2.0486727409084438
3,frame000379.png,326,264,-2.054984404788545
3,frame000380.png,326,268,-2.0460456705202335
3,frame000381.png,328,267,-2.0596572268656623
3,frame000382.png,328,270,-2.0596916699935366
3,frame000383.png,330,269,-2.045242607402211
3,frame000384.png,332,265,-2.0716780108012474
3,frame000385.png,333,262,-2.085188786093926
3,frame000386.png,333,263,-2.074719562983408
3,frame000387.png,334,258,-2.081423407339347
3,frame000388.png,335,256,-2.0858151028288483
-1,frame000389.png,0,0,0
3,frame000390.png,335,247,-2.0973494021818815
3,frame000391.png,335,243,-2.0783602414079847
3,frame000392.png,336,237,-2.1178246958980216
3,frame000393.png,335,236,-2.0768708999158085
3,frame000394.png,336,227,-2.1137080793172087
3,frame000395.png,336,224,-2.111847695492148
3,frame000396.png,335,216,-2.1258421794119853
3,frame000397.png,334,218,-2.1001153927290583
3,frame000398.png,333,215,-2.098034486694695
3,frame000399.png,333,213,-2.116110226984644
3,frame000400.png,333,208,-2.148687262428218
-1,frame000401.png,0,0,0
3,frame000402.png,331,209,-2.138330128823247
3,frame000403.png,330,212,-2.1388922389962963
3,frame000404.png,329,213,-2.1412479788978587
3,frame000405.png,326,218,-2.1155520197238165
3,frame000406.png,325,220,-2.125232687610105
3,frame000407.png,323,227,-2.1208382507040118
3,frame000408.png,321,238,-2.131332797144596
3,frame000409.png,320,245,-2.157168352504928
3,frame000410.png,318,253,-2.1259350147114664
3,frame000411.png,318,254,-2.1390976986014762
3,frame000412.png,317,270,-2.127229040296187
3,frame000413.png,318,280,-2.172960905402117
3,frame000414.png,315,296,-2.0977990901265255
3,frame000415.png,314,317,-2.0624060917176608
3,frame000416.png,314,338,-2.0584658117879338
-1,frame000417.png,0,0,0
2,frame000418.png,347,270,2.5690159092153007
1,frame000419.png,387,247,2.230216920643134
3,frame000420.png,303,465,-1.7132502667397824
3,frame000421.png,339,346,-2.7473967903679335
-1,frame000422.png,0,0,0
-1,frame000423.png,0,0,0
-1,frame000424.png,0,0,0
-1,frame000425.png,0,0,0
-1,frame000426.png,0,0,0
-1,frame000427.png,0,0,0
-1,frame000428.png,0,0,0
-1,frame000429.png,0,0,0
-1,frame000430.png,0,0,0
-1,frame000431.png,0,0,0
-1,frame000432.png,0,0,0
-1,frame000433.png,0,0,0
-1,frame000434.png,0,0,0
-1,frame000435.png,0,0,0
-1,frame000436.png,0,0,0
-1,frame000437.png,0,0,0
-1,frame000438.png,0,0,0
-1,frame000439.png,0,0,0
-1,frame000440.png,0,0,0
-1,frame000441.png,0,0,0
-1,frame000442.png,0,0,0
-1,frame000443.png,0,0,0
-1,frame000444.png,0,0,0
-1,frame000445.png,0,0,0
-1,frame000446.png,0,0,0
-1,frame000447.png,0,0,0
-1,frame000448.png,0,0,0
-1,frame000449.png,0,0,0
-1,frame000450.png,0,0,0
-1,frame000451.png,0,0,0
-1,frame000452.png,0,0,0
-1,frame000453.png,0,0,0
-1,frame000454.png,0,0,0
-1,frame000455.png,0,0,0
-1,frame000456.png,0,0,0
-1,frame000457.png,0,0,0
-1,frame000458.png,0,0,0
-1,frame000459.png,0,0,0
-1,frame000460.png,0,0,0
-1,frame000461.png,0,0,0
-1,frame000462.png,0,0,0
-1,frame000463.png,0,0,0
-1,frame000464.png,0,0,0
-1,frame000465.png,0,0,0
-1,frame000466.png,0,0,0
-1,frame000467.png,0,0,0
-1,frame000468.png,0,0,0
-1,frame000469.png,0,0,0
-1,frame000470.png,0,0,0
-1,frame000471.png,0,0,0
-1,frame000472.png,0,0,0
-1,frame000473.png,0,0,0
-1,frame000474.png,0,0,0
-1,frame000475.png,0,0,0
-1,frame000476.png,0,0,0
-1,frame000477.png,0,0,0
-1,frame000478.png,0,0,0
-1,frame000479.png,0,0,0
-1,frame000480.png,0,0,0
-1,frame000481.png,0,0,0
-1,frame000482.png,0,0,0
-1,frame000483.png,0,0,0
-1,frame000484.png,0,0,0
-1,frame000485.png,0,0,0
-1,frame000486.png,0,0,0
-1,frame000487.png,0,0,0
-1,frame000488.png,0,0,0
-1,frame000489.png,0,0,0
-1,frame000490.png,0,0,0
-1,frame000491.png,0,0,0
-1,frame000492.png,0,0,0
-1,frame000493.png,0,0,0
-1,frame000494.png,0,0,0
-1,frame000495.png,0,0,0
-1,frame000496.png,0,0,0
-1,frame000497.png,0,0,0
-1,frame000498.png,0,0,0
-1,frame000499.png,0,0,0
-1,frame000500.png,0,0,0
-1,frame000501.png,0,0,0
-1,frame000502.png,0,0,0
-1,frame000503.png,0,0,0
-1,frame000504.png,0,0,0
-1,frame000505.png,0,0,0
-1,frame000506.png,0,0,0
-1,frame000507.png,0,0,0
-1,frame000508.png,0,0,0
-1,frame000509.png,0,0,0
-1,frame000510.png,0,0,0
-1,frame000511.png,0,0,0
-1,frame000512.png,0,0,0
-1,frame000513.png,0,0,0
-1,frame000514.png,0,0,0
-1,frame000515.png,0,0,0
-1,frame000516.png,0,0,0
-1,frame000517.png,0,0,0
-1,frame000518.png,0,0,0
-1,frame000519.png,0,0,0
-1,frame000520.png,0,0,0
-1,frame000521.png,0,0,0
-1,frame000522.png,0,0,0
-1,frame000523.png,0,0,0
-1,frame000524.png,0,0,0
-1,frame000525.png,0,0,0
-1,frame000526.png,0,0,0
-1,frame000527.png,0,0,0
-1,frame000528.png,0,0,0
-1,frame000529.png,0,0,0
-1,frame000530.png,0,0,0
-1,frame000531.png,0,0,0
-1,frame000532.png,0,0,0
-1,frame000533.png,0,0,0
-1,frame000534.png,0,0,0
-1,frame000535.png,0,0,0
-1,frame000536.png,0,0,0
-1,frame000537.png,0,0,0
-1,frame000538.png,0,0,0
-1,frame000539.png,0,0,0
-1,frame000540.png,0,0,0
-1,frame000541.png,0,0,0
-1,frame000542.png,0,0,0
-1,frame000543.png,0,0,0
-1,frame000544.png,0,0,0
-1,frame000545.png,0,0,0
-1,frame000546.png,0,0,0
-1,frame000547.png,0,0,0
-1,frame000548.png,0,0,0
-1,frame000549.png,0,0,0
-1,frame000550.png,0,0,0
-1,frame000551.png,0,0,0
-1,frame000552.png,0,0,0
-1,frame000553.png,0,0,0
-1,frame000554.png,0,0,0
-1,frame000555.png,0,0,0
-1,frame000556.png,0,0,0
-1,frame000557.png,0,0,0
-1,frame000558.png,0,0,0
-1,frame000559.png,0,0,0
-1,frame000560.png,0,0,0
-1,frame000561.png,0,0,0
-1,frame000562.png,0,0,0
-1,frame000563.png,0,0,0
-1,frame000564.png,0,0,0
-1,frame000565.png,0,0,0
-1,frame000566.png,0,0,0
-1,frame000567.png,0,0,0
-1,frame000568.png,0,0,0
-1,frame000569.png,0,0,0
-1,frame000570.png,0,0,0
-1,frame000571.png,0,0,0
-1,frame000572.png,0,0,0
-1,frame000573.png,0,0,0
-1,frame000574.png,0,0,0
-1,frame000575.png,0,0,0
-1,frame000576.png,0,0,0
-1,frame000577.png,0,0,0
-1,frame000578.png,0,0,0
-1,frame000579.png,0,0,0
-1,frame000580.png,0,0,0
-1,frame000581.png,0,0,0
-1,frame000582.png,0,0,0
-1,frame000583.png,0,0,0
-1,frame000584.png,0,0,0
-1,frame000585.png,0,0,0
-1,frame000586.png,0,0,0
-1,frame000587.png,0,0,0
-1,frame000588.png,0,0,0
-1,frame000589.png,0,0,0
-1,frame000590.png,0,0,0
-1,frame000591.png,0,0,0
-1,frame000592.png,0,0,0
-1,frame000593.png,0,0,0
-1,frame000594.png,0,0,0
-1,frame000595.png,0,0,0
-1,frame000596.png,0,0,0
-1,frame000597.png,0,0,0
-1,frame000598.png,0,0,0
-1,frame000599.png,0,0,0
-1,frame000600.png,0,0,0
-1,frame000601.png,0,0,0
-1,frame000602.png,0,0,0
-1,frame000603.png,0,0,0
-1,frame000604.png,0,0,0
-1,frame000605.png,0,0,0
-1,frame000606.png,0,0,0
-1,frame000607.png,0,0,0
-1,frame000608.png,0,0,0
-1,frame000609.png,0,0,0
-1,frame000610.png,0,0,0
-1,frame000611.png,0,0,0
-1,frame000612.png,0,0,0
-1,frame000613.png,0,0,0
-1,frame000614.png,0,0,0
-1,frame000615.png,0,0,0
-1,frame000616.png,0,0,0
-1,frame000617.png,0,0,0
-1,frame000618.png,0,0,0
-1,frame000619.png,0,0,0
-1,frame000620.png,0,0,0
-1,frame000621.png,0,0,0
-1,frame000622.png,0,0,0
-1,frame000623.png,0,0,0
-1,frame000624.png,0,0,0
-1,frame000625.png,0,0,0
-1,frame000626.png,0,0,0
-1,frame000627.png,0,0,0
-1,frame000628.png,0,0,0
-1,frame000629.png,0,0,0
-1,frame000630.png,0,0,0
-1,frame000631.png,0,0,0
-1,frame000632.png,0,0,0
-1,frame000633.png,0,0,0
-1,frame000634.png,0,0,0
-1,frame000635.png,0,0,0
-1,frame000636.png,0,0,0
-1,frame000637.png,0,0,0
-1,frame000638.png,0,0,0
-1,frame000639.png,0,0,0
-1,frame000640.png,0,0,0
-1,frame000641.png,0,0,0
-1,frame000642.png,0,0,0
-1,frame000643.png,0,0,0
-1,frame000644.png,0,0,0
-1,frame000645.png,0,0,0
-1,frame000646.png,0,0,0
-1,frame000647.png,0,0,0
-1,frame000648.png,0,0,0
-1,frame000649.png,0,0,0
-1,frame000650.png,0,0,0
-1,frame000651.png,0,0,0
-1,frame000652.png,0,0,0
-1,frame000653.png,0,0,0
-1,frame000654.png,0,0,0
-1,frame000655.png,0,0,0
-1,frame000656.png,0,0,0
-1,frame000657.png,0,0,0
-1,frame000658.png,0,0,0
-1,frame000659.png,0,0,0
-1,frame000660.png,0,0,0
-1,frame000661.png,0,0,0
-1,frame000662.png,0,0,0
-1,frame000663.png,0,0,0
-1,frame000664.png,0,0,0
-1,frame000665.png,0,0,0
-1,frame000666.png,0,0,0
-1,frame000667.png,0,0,0
-1,frame000668.png,0,0,0
-1,frame000669.png,0,0,0
-1,frame000670.png,0,0,0
-1,frame000671.png,0,0,0
-1,frame000672.png,0,0,0
-1,frame000673.png,0,0,0
-1,frame000674.png,0,0,0
-1,frame000675.png,0,0,0
-1,frame000676.png,0,0,0
-1,frame000677.png,0,0,0
-1,frame000678.png,0,0,0
-1,frame000679.png,0,0,0
-1,frame000680.png,0,0,0
-1,frame000681.png,0,0,0
2,frame000682.png,31,156,0.7169822052147482
-1,frame000683.png,0,0,0
-1,frame000684.png,0,0,0
2,frame000685.png,55,153,0.7126702641611
2,frame000686.png,65,155,0.7127026278436075
2,frame000687.png,73,156,0.7128929376282784
2,frame000688.png,82,154,0.7117132946702815
2,frame000689.png,85,159,0.7097357448031759
2,frame000690.png,91,161,0.7209374685469192
0,frame000691.png,100,-792,0.4478838414028147
0,frame000692.png,83,274,0.9595407147026614
-1,frame000693.png,0,0,0
0,frame000694.png,86,319,-2.910447369998033
2,frame000695.png,75,163,0.7115259479593634
-1,frame000696.png,0,0,0
2,frame000697.png,61,167,0.7132449158710477
2,frame000698.png,52,169,0.7153435295591724
2,frame000699.png,47,170,0.7178228932987132
-1,frame000700.png,0,0,0
-1,frame000701.png,0,0,0
-1,frame000702.png,0,0,0
2,frame000703.png,119,117,1.6993189975561092
-1,frame000704.png,0,0,0
-1,frame000705.png,0,0,0
-1,frame000706.png,0,0,0
-1,frame000707.png,0,0,0
-1,frame000708.png,0,0,0
-1,frame000709.png,0,0,0
-1,frame000710.png,0,0,0
-1,frame000711.png,0,0,0
-1,frame000712.png,0,0,0
-1,frame000713.png,0,0,0
-1,frame000714.png,0,0,0
-1,frame000715.png,0,0,0
-1,frame000716.png,0,0,0
-1,frame000717.png,0,0,0
-1,frame000718.png,0,0,0
-1,frame000719.png,0,0,0
-1,frame000720.png,0,0,0
0,frame000721.png,103,260,-2.96202286633689
2,frame000722.png,52,178,0.6994811963178105
0,frame000723.png,-3602,7141,2.931448905838157
0,frame000724.png,62,30,-2.7371691300131578
2,frame000725.png,92,183,0.7086921326299329
2,frame000726.png,97,182,0.7098038591368382
2,frame000727.png,112,181,0.7126527763282997
2,frame000728.png,124,179,0.7120976108375145
-1,frame000729.png,0,0,0
2,frame000730.png,163,180,0.7161990277020718
2,frame000731.png,181,181,0.7214773926415569
2,frame000732.png,196,182,0.7163999932489524
2,frame000733.png,220,185,0.7269868993159243
2,frame000734.png,226,185,0.720937317495432
2,frame000735.png,247,187,0.7263363808158444
2,frame000736.png,255,190,0.7282199561181313
2,frame000737.png,276,193,0.7304147979930369
2,frame000738.png,282,194,0.7297401350508654
2,frame000739.png,293,196,0.7467157330229068
2,frame000740.png,298,195,0.7355974061339482
2,frame000741.png,306,196,0.7345274378117593
2,frame000742.png,313,197,0.7335913040587609
2,frame000743.png,320,203,0.7382991150829105
2,frame000744.png,324,204,0.7439815081324511
2,frame000745.png,323,204,0.7453406875883235
2,frame000746.png,325,202,0.7412795901114217
2,frame000747.png,322,200,0.7362352850001378
2,frame000748.png,319,197,0.7255618681880458
2,frame000749.png,318,196,0.7347287944633906
2,frame000750.png,314,194,0.729048004407877
2,frame000751.png,311,195,0.7493951358781719
2,frame000752.png,305,193,0.7392148959600956
2,frame000753.png,302,192,0.7313647446901321
2,frame000754.png,297,191,0.7265028383200849
2,frame000755.png,290,191,0.7366970597839538
2,frame000756.png,286,188,0.7167983907295056
2,frame000757.png,280,187,0.7183128416387509
2,frame000758.png,277,186,0.7141435885213855
2,frame000759.png,271,180,0.7059619936518801
2,frame000760.png,266,177,0.7043774663718968
2,frame000761.png,264,176,0.7029838030344252
2,frame000762.png,260,175,0.7042699291732153
2,frame000763.png,258,173,0.6974291233454426
2,frame000764.png,258,174,0.7124172524503006
2,frame000765.png,258,174,0.7125788652321337
2,frame000766.png,261,175,0.7124003167152372
2,frame000767.png,261,176,0.7106145036562367
2,frame000768.png,265,177,0.70523061861773
2,frame000769.png,269,178,0.7156708191673112
2,frame000770.png,276,177,0.7078107717024726
2,frame000771.png,281,178,0.7094948262320561
2,frame000772.png,289,179,0.7192394051463594
2,frame000773.png,300,175,0.7135724124347732
2,frame000774.png,309,177,0.7341528329239952
2,frame000775.png,324,176,0.7167374281887487
2,frame000776.png,349,179,0.7150196887070149
2,frame000777.png,373,183,0.7289665787019132
2,frame000778.png,390,186,0.7342784066882669
2,frame000779.png,407,188,0.7231611000436383
2,frame000780.png,424,189,0.7211995461576675
2,frame000781.png,440,193,0.7587449440933879
2,frame000782.png,455,192,0.7355033048998935
2,frame000783.png,473,195,0.7269729371101719
2,frame000784.png,483,195,0.7251223043472405
2,frame000785.png,497,194,0.7291904046707487
2,frame000786.png,510,192,0.7230925575300892
2,frame000787.png,526,193,0.7248032895346403
0,frame000788.png,525,73,2.4691602059145437
2,frame000789.png,548,197,0.7356958846393551
2,frame000790.png,558,198,0.7321364753881053
2,frame000791.png,559,197,0.740726589597659
2,frame000792.png,565,196,0.7230857172844667
2,frame000793.png,566,194,0.7438525161340824
2,frame000794.png,567,194,0.714535142757016
2,frame000795.png,564,194,0.7281654812720104
2,frame000796.png,561,192,0.721487946461602
2,frame000797.png,558,192,0.7301138712888186
2,frame000798.png,555,192,0.7565516857671064
2,frame000799.png,550,189,0.7150511227872184
2,frame000800.png,547,188,0.7321691657876783
2,frame000801.png,541,186,0.7295961044683582
2,frame000802.png,533,181,0.7235624988320886
2,frame000803.png,525,179,0.7282127662701976
2,frame000804.png,518,176,0.6977729457388501
2,frame000805.png,516,178,0.7300515872875069
2,frame000806.png,513,177,0.6979876385558215
2,frame000807.png,509,177,0.7403934671083792
2,frame000808.png,508,177,0.7339084913005128
2,frame000809.png,504,174,0.7245753149936006
2,frame000810.png,504,174,0.7379581891186818
2,frame000811.png,501,166,0.6852017728786592
2,frame000812.png,502,167,0.7176589314353051
0,frame000813.png,268,1123,1.070525169420143
2,frame000814.png,505,163,0.7213397790029121
2,frame000815.png,505,161,0.7093891365686975
2,frame000816.png,509,163,0.742889863994225
2,frame000817.png,511,164,0.7826657678575903
2,frame000818.png,516,162,0.7224894768358074
2,frame000819.png,523,163,0.7277633106759087
1,frame000820.png,544,-154,2.833577908006343
2,frame000821.png,534,165,0.7425661420740028
2,frame000822.png,541,165,0.7222952660625045
2,frame000823.png,542,164,0.7227667595637638
2,frame000824.png,555,166,0.7305947182091316
2,frame000825.png,565,166,0.7267484501537292
2,frame000826.png,571,167,0.7538673397203619
2,frame000827.png,585,165,0.7191575158567513
2,frame000828.png,594,166,0.7125041040475688
2,frame000829.png,609,167,0.7000512383551006
2,frame000830.png,623,171,0.7521221491944172
2,frame000831.png,640,166,0.5798935850781276
1,frame000832.png,556,114,1.802470284149421
2,frame000833.png,666,179,0.8250304900764627
-1,frame000834.png,0,0,0
2,frame000835.png,598,183,0.7540003425675025
-1,frame000836.png,0,0,0
-1,frame000837.png,0,0,0
-1,frame000838.png,0,0,0
-1,frame000839.png,0,0,0
-1,frame000840.png,0,0,0
-1,frame000841.png,0,0,0
-1,frame000842.png,0,0,0
-1,frame000843.png,0,0,0
-1,frame000844.png,0,0,0
-1,frame000845.png,0,0,0
-1,frame000846.png,0,0,0
-1,frame000847.png,0,0,0
-1,frame000848.png,0,0,0
-1,frame000849.png,0,0,0
-1,frame000850.png,0,0,0
-1,frame000851.png,0,0,0
-1,frame000852.png,0,0,0
-1,frame000853.png,0,0,0
-1,frame000854.png,0,0,0
-1,frame000855.png,0,0,0
-1,frame000856.png,0,0,0
-1,frame000857.png,0,0,0
-1,frame000858.png,0,0,0
-1,frame000859.png,0,0,0
-1,frame000860.png,0,0,0
-1,frame000861.png,0,0,0
-1,frame000862.png,0,0,0
-1,frame000863.png,0,0,0
-1,frame000864.png,0,0,0
-1,frame000865.png,0,0,0
-1,frame000866.png,0,0,0
-1,frame000867.png,0,0,0
-1,frame000868.png,0,0,0
-1,frame000869.png,0,0,0
-1,frame000870.png,0,0,0
-1,frame000871.png,0,0,0
-1,frame000872.png,0,0,0
-1,frame000873.png,0,0,0
-1,frame000874.png,0,0,0
-1,frame000875.png,0,0,0
-1,frame000876.png,0,0,0
-1,frame000877.png,0,0,0
-1,frame000878.png,0,0,0
-1,frame000879.png,0,0,0
-1,frame000880.png,0,0,0
-1,frame000881.png,0,0,0
-1,frame000882.png,0,0,0
-1,frame000883.png,0,0,0
-1,frame000884.png,0,0,0
-1,frame000885.png,0,0,0
-1,frame000886.png,0,0,0
-1,frame000887.png,0,0,0
-1,frame000888.png,0,0,0
-1,frame000889.png,0,0,0
-1,frame000890.png,0,0,0
-1,frame000891.png,0,0,0
-1,frame000892.png,0,0,0
-1,frame000893.png,0,0,0
-1,frame000894.png,0,0,0
-1,frame000895.png,0,0,0
-1,frame000896.png,0,0,0
-1,frame000897.png,0,0,0
-1,frame000898.png,0,0,0
-1,frame000899.png,0,0,0
-1,frame000900.png,0,0,0
-1,frame000901.png,0,0,0
-1,frame000902.png,0,0,0
-1,frame000903.png,0,0,0
-1,frame000904.png,0,0,0
-1,frame000905.png,0,0,0
-1,frame000906.png,0,0,0
-1,frame000907.png,0,0,0
-1,frame000908.png,0,0,0
-1,frame000909.png,0,0,0
-1,frame000910.png,0,0,0
-1,frame000911.png,0,0,0
-1,frame000912.png,0,0,0
-1,frame000913.png,0,0,0
-1,frame000914.png,0,0,0
-1,frame000915.png,0,0,0
-1,frame000916.png,0,0,0
-1,frame000917.png,0,0,0
-1,frame000918.png,0,0,0
-1,frame000919.png,0,0,0
-1,frame000920.png,0,0,0
-1,frame000921.png,0,0,0
-1,frame000922.png,0,0,0
-1,frame000923.png,0,0,0
-1,frame000924.png,0,0,0
-1,frame000925.png,0,0,0
-1,frame000926.png,0,0,0
-1,frame000927.png,0,0,0
-1,frame000928.png,0,0,0
-1,frame000929.png,0,0,0
-1,frame000930.png,0,0,0
-1,frame000931.png,0,0,0
-1,frame000932.png,0,0,0
-1,frame000933.png,0,0,0
-1,frame000934.png,0,0,0
-1,frame000935.png,0,0,0
-1,frame000936.png,0,0,0
-1,frame000937.png,0,0,0
-1,frame000938.png,0,0,0
-1,frame000939.png,0,0,0
-1,frame000940.png,0,0,0
-1,frame000941.png,0,0,0
-1,frame000942.png,0,0,0
-1,frame000943.png,0,0,0
-1,frame000944.png,0,0,0
-1,frame000945.png,0,0,0
-1,frame000946.png,0,0,0
-1,frame000947.png,0,0,0
-1,frame000948.png,0,0,0
-1,frame000949.png,0,0,0
-1,frame000950.png,0,0,0
-1,frame000951.png,0,0,0
-1,frame000952.png,0,0,0
-1,frame000953.png,0,0,0
-1,frame000954.png,0,0,0
-1,frame000955.png,0,0,0
-1,frame000956.png,0,0,0
-1,frame000957.png,0,0,0
-1,frame000958.png,0,0,0
-1,frame000959.png,0,0,0
-1,frame000960.png,0,0,0
-1,frame000961.png,0,0,0
-1,frame000962.png,0,0,0
-1,frame000963.png,0,0,0
-1,frame000964.png,0,0,0
-1,frame000965.png,0,0,0
-1,frame000966.png,0,0,0
-1,frame000967.png,0,0,0
-1,frame000968.png,0,0,0
-1,frame000969.png,0,0,0
-1,frame000970.png,0,0,0
-1,frame000971.png,0,0,0
-1,frame000972.png,0,0,0
-1,frame000973.png,0,0,0
-1,frame000974.png,0,0,0
-1,frame000975.png,0,0,0
-1,frame000976.png,0,0,0
-1,frame000977.png,0,0,0
-1,frame000978.png,0,0,0
-1,frame000979.png,0,0,0
-1,frame000980.png,0,0,0
-1,frame000981.png,0,0,0
-1,frame000982.png,0,0,0
-1,frame000983.png,0,0,0
-1,frame000984.png,0,0,0
-1,frame000985.png,0,0,0
-1,frame000986.png,0,0,0
-1,frame000987.png,0,0,0
-1,frame000988.png,0,0,0
-1,frame000989.png,0,0,0
-1,frame000990.png,0,0,0
-1,frame000991.png,0,0,0
-1,frame000992.png,0,0,0
-1,frame000993.png,0,0,0
-1,frame000994.png,0,0,0
-1,frame000995.png,0,0,0
-1,frame000996.png,0,0,0
-1,frame000997.png,0,0,0
-1,frame000998.png,0,0,0
-1,frame000999.png,0,0,0
-1,frame001000.png,0,0,0
-1,frame001001.png,0,0,0
-1,frame001002.png,0,0,0
-1,frame001003.png,0,0,0
-1,frame001004.png,0,0,0
-1,frame001005.png,0,0,0
-1,frame001006.png,0,0,0
-1,frame001007.png,0,0,0
-1,frame001008.png,0,0,0
-1,frame001009.png,0,0,0
-1,frame001010.png,0,0,0
-1,frame001011.png,0,0,0
-1,frame001012.png,0,0,0
-1,frame001013.png,0,0,0
-1,frame001014.png,0,0,0
-1,frame001015.png,0,0,0
-1,frame001016.png,0,0,0
-1,frame001017.png,0,0,0
-1,frame001018.png,0,0,0
-1,frame001019.png,0,0,0
-1,frame001020.png,0,0,0
-1,frame001021.png,0,0,0
-1,frame001022.png,0,0,0
-1,frame001023.png,0,0,0
-1,frame001024.png,0,0,0
-1,frame001025.png,0,0,0
-1,frame001026.png,0,0,0
-1,frame001027.png,0,0,0
-1,frame001028.png,0,0,0
-1,frame001029.png,0,0,0
-1,frame001030.png,0,0,0
-1,frame001031.png,0,0,0
-1,frame001032.png,0,0,0
-1,frame001033.png,0,0,0
-1,frame001034.png,0,0,0
-1,frame001035.png,0,0,0
-1,frame001036.png,0,0,0
-1,frame001037.png,0,0,0
-1,frame001038.png,0,0,0
-1,frame001039.png,0,0,0
1,frame001040.png,242,239,-0.19117103940195596
0,frame001041.png,397,325,1.689427148719851
1,frame001042.png,245,206,-0.1791282685035458
1,frame001043.png,250,194,-0.19794065495442928
1,frame001044.png,255,183,-0.14349968546199854
1,frame001045.png,262,168,-0.16597949982220198
1,frame001046.png,260,164,-0.21187747509395094
1,frame001047.png,272,158,-0.1971859415963914
1,frame001048.png,273,158,-0.18710153376151595
1,frame001049.png,280,154,-0.19168923573677685
1,frame001050.png,283,153,-0.16816534018597132
1,frame001051.png,287,149,-0.21277420601391123
1,frame001052.png,292,151,-0.18334330935287246
1,frame001053.png,297,150,-0.18332378700866453
1,frame001054.png,306,155,-0.10201488523210492
1,frame001055.png,311,156,-0.13878486008016977
1,frame001056.png,310,156,-0.2232117540420618
1,frame001057.png,314,160,-0.20953681779783054
0,frame001058.png,499,254,0.6062803155186093
0,frame001059.png,374,276,-2.883579887953282
1,frame001060.png,330,174,-0.17416166647908396
1,frame001061.png,339,182,-0.1646456888997949
0,frame001062.png,623,318,-2.4211788104674845
1,frame001063.png,347,188,-0.14182095803400163
1,frame001064.png,348,191,-0.1429263498353584
0,frame001065.png,488,40,-3.1404804071643913
1,frame001066.png,349,196,-0.12185813029290427
0,frame001067.png,376,255,2.1344163438245856
1,frame001068.png,347,203,-0.07745115883541556
1,frame001069.png,345,204,-0.08431838569012387
1,frame001070.png,339,202,-0.1303677245423302
1,frame001071.png,339,205,-0.10536489996062111
1,frame001072.png,335,205,-0.1075303184062982
1,frame001073.png,332,205,-0.05767306020802925
0,frame001074.png,397,289,2.3685628494136015
1,frame001075.png,322,198,-0.08733016863169908
1,frame001076.png,320,196,-0.08074123819450656
1,frame001077.png,315,192,-0.08206495157975027
1,frame001078.png,313,187,-0.09395320559357558
1,frame001079.png,311,185,-0.0218771494537975
1,frame001080.png,303,175,-0.1273679490409908
0,frame001081.png,460,266,2.9660797129539986
1,frame001082.png,294,154,-0.1077373959633778
1,frame001083.png,291,144,-0.10896679970212311
1,frame001084.png,288,135,-0.11055371976008203
1,frame001085.png,283,115,-0.09857274943646566
1,frame001086.png,285,97,-0.1161148159519114
1,frame001087.png,278,76,-0.13349165889634632
1,frame001088.png,281,68,-0.13178932265293852
1,frame001089.png,275,48,-0.16173480166440868
1,frame001090.png,271,30,-0.15184146519707306
1,frame001091.png,276,16,-0.11335838901718115
1,frame001092.png,268,4,-0.15171478721683093
1,frame001093.png,271,-11,-0.15623517473254242
1,frame001094.png,265,-20,-0.1810339326259835
1,frame001095.png,271,-24,-0.13862415629766542
1,frame001096.png,254,-53,-0.3883833019485799
1,frame001097.png,286,-32,0.15725164964823665
-1,frame001098.png,0,0,0
-1,frame001099.png,0,0,0
-1,frame001100.png,0,0,0
0,frame001101.png,577,-45,1.69529175675651
-1,frame001102.png,0,0,0
-1,frame001103.png,0,0,0
1,frame001104.png,239,-116,-0.6058347371785124
1,frame001105.png,279,-47,-0.15148989100186128
1,frame001106.png,282,-43,-0.18353711276409318
1,frame001107.png,287,-35,-0.14191736214592207
1,frame001108.png,291,-26,-0.11492506991430491
1,frame001109.png,279,-32,-0.31182919575496776
1,frame001110.png,296,-12,-0.07399115731059334
1,frame001111.png,300,-9,-0.04949737717850032
1,frame001112.png,300,-5,-0.12692506640293647
1,frame001113.png,303,-1,-0.10189722106854016
1,frame001114.png,297,-5,-0.20005296408014633
1,frame001115.png,302,0,-0.1586200746876659
1,frame001116.png,305,2,-0.12934029856006699
1,frame001117.png,326,22,0.3203926045706508
1,frame001118.png,309,6,-0.11836730455696719
1,frame001119.png,308,6,-0.13846822098153913
1,frame001120.png,310,4,-0.12267045758214057
1,frame001121.png,315,6,-0.062424903190805826
1,frame001122.png,313,4,-0.05885889614730681
1,frame001123.png,312,-2,-0.11846270666332458
1,frame001124.png,312,-8,-0.10352024137929995
1,frame001125.png,309,-17,-0.05334394890236589
1,frame001126.png,305,-27,-0.2115549426310419
1,frame001127.png,307,-28,-0.06928147094843273
1,frame001128.png,301,-50,-0.2452579824171494
-1,frame001129.png,0,0,0
-1,frame001130.png,0,0,0
-1,frame001131.png,0,0,0
-1,frame001132.png,0,0,0
-1,frame001133.png,0,0,0
-1,frame001134.png,0,0,0
-1,frame001135.png,0,0,0
-1,frame001136.png,0,0,0
-1,frame001137.png,0,0,0
-1,frame001138.png,0,0,0
-1,frame001139.png,0,0,0
-1,frame001140.png,0,0,0
-1,frame001141.png,0,0,0
-1,frame001142.png,0,0,0
-1,frame001143.png,0,0,0
-1,frame001144.png,0,0,0
-1,frame001145.png,0,0,0
-1,frame001146.png,0,0,0
-1,frame001147.png,0,0,0
-1,frame001148.png,0,0,0
-1,frame001149.png,0,0,0
-1,frame001150.png,0,0,0
-1,frame001151.png,0,0,0
-1,frame001152.png,0,0,0
-1,frame001153.png,0,0,0
-1,frame001154.png,0,0,0
-1,frame001155.png,0,0,0
-1,frame001156.png,0,0,0
-1,frame001157.png,0,0,0
-1,frame001158.png,0,0,0
-1,frame001159.png,0,0,0
-1,frame001160.png,0,0,0
-1,frame001161.png,0,0,0
-1,frame001162.png,0,0,0
-1,frame001163.png,0,0,0
-1,frame001164.png,0,0,0
-1,frame001165.png,0,0,0
-1,frame001166.png,0,0,0
-1,frame001167.png,0,0,0
-1,frame001168.png,0,0,0
-1,frame001169.png,0,0,0
-1,frame001170.png,0,0,0
-1,frame001171.png,0,0,0
-1,frame001172.png,0,0,0
-1,frame001173.png,0,0,0
-1,frame001174.png,0,0,0
-1,frame001175.png,0,0,0
-1,frame001176.png,0,0,0
-1,frame001177.png,0,0,0
-1,frame001178.png,0,0,0
-1,frame001179.png,0,0,0
-1,frame001180.png,0,0,0
-1,frame001181.png,0,0,0
-1,frame001182.png,0,0,0
-1,frame001183.png,0,0,0
-1,frame001184.png,0,0,0
-1,frame001185.png,0,0,0
-1,frame001186.png,0,0,0
-1,frame001187.png,0,0,0
-1,frame001188.png,0,0,0
-1,frame001189.png,0,0,0
-1,frame001190.png,0,0,0
-1,frame001191.png,0,0,0
-1,frame001192.png,0,0,0
-1,frame001193.png,0,0,0
-1,frame001194.png,0,0,0
-1,frame001195.png,0,0,0
-1,frame001196.png,0,0,0
-1,frame001197.png,0,0,0
-1,frame001198.png,0,0,0
-1,frame001199.png,0,0,0
-1,frame001200.png,0,0,0
-1,frame001201.png,0,0,0
-1,frame001202.png,0,0,0
-1,frame001203.png,0,0,0
-1,frame001204.png,0,0,0
-1,frame001205.png,0,0,0
-1,frame001206.png,0,0,0
-1,frame001207.png,0,0,0
-1,frame001208.png,0,0,0
-1,frame001209.png,0,0,0
-1,frame001210.png,0,0,0
-1,frame001211.png,0,0,0
-1,frame001212.png,0,0,0
-1,frame001213.png,0,0,0
-1,frame001214.png,0,0,0
-1,frame001215.png,0,0,0
-1,frame001216.png,0,0,0
-1,frame001217.png,0,0,0
-1,frame001218.png,0,0,0
-1,frame001219.png,0,0,0
-1,frame001220.png,0,0,0
-1,frame001221.png,0,0,0
-1,frame001222.png,0,0,0
-1,frame001223.png,0,0,0
-1,frame001224.png,0,0,0
-1,frame001225.png,0,0,0
-1,frame001226.png,0,0,0
-1,frame001227.png,0,0,0
-1,frame001228.png,0,0,0
-1,frame001229.png,0,0,0
-1,frame001230.png,0,0,0
-1,frame001231.png,0,0,0
-1,frame001232.png,0,0,0
-1,frame001233.png,0,0,0
-1,frame001234.png,0,0,0
-1,frame001235.png,0,0,0
-1,frame001236.png,0,0,0
-1,frame001237.png,0,0,0
-1,frame001238.png,0,0,0
-1,frame001239.png,0,0,0
-1,frame001240.png,0,0,0
-1,frame001241.png,0,0,0
-1,frame001242.png,0,0,0
-1,frame001243.png,0,0,0
-1,frame001244.png,0,0,0
-1,frame001245.png,0,0,0
-1,frame001246.png,0,0,0
-1,frame001247.png,0,0,0
-1,frame001248.png,0,0,0
-1,frame001249.png,0,0,0
-1,frame001250.png,0,0,0
-1,frame001251.png,0,0,0
-1,frame001252.png,0,0,0
-1,frame001253.png,0,0,0
-1,frame001254.png,0,0,0
-1,frame001255.png,0,0,0
-1,frame001256.png,0,0,0
-1,frame001257.png,0,0,0
-1,frame001258.png,0,0,0
-1,frame001259.png,0,0,0
-1,frame001260.png,0,0,0
-1,frame001261.png,0,0,0
-1,frame001262.png,0,0,0
-1,frame001263.png,0,0,0
-1,frame001264.png,0,0,0
-1,frame001265.png,0,0,0
-1,frame001266.png,0,0,0
-1,frame001267.png,0,0,0
-1,frame001268.png,0,0,0
-1,frame001269.png,0,0,0
-1,frame001270.png,0,0,0
-1,frame001271.png,0,0,0
-1,frame001272.png,0,0,0
-1,frame001273.png,0,0,0
-1,frame001274.png,0,0,0
-1,frame001275.png,0,0,0
-1,frame001276.png,0,0,0
-1,frame001277.png,0,0,0
-1,frame001278.png,0,0,0
-1,frame001279.png,0,0,0
-1,frame001280.png,0,0,0
-1,frame001281.png,0,0,0
-1,frame001282.png,0,0,0
-1,frame001283.png,0,0,0
-1,frame001284.png,0,0,0
-1,frame001285.png,0,0,0
-1,frame001286.png,0,0,0
-1,frame001287.png,0,0,0
-1,frame001288.png,0,0,0
-1,frame001289.png,0,0,0
-1,frame001290.png,0,0,0
-1,frame001291.png,0,0,0
-1,frame001292.png,0,0,0
-1,frame001293.png,0,0,0
-1,frame001294.png,0,0,0
-1,frame001295.png,0,0,0
-1,frame001296.png,0,0,0
-1,frame001297.png,0,0,0
-1,frame001298.png,0,0,0
-1,frame001299.png,0,0,0
-1,frame001300.png,0,0,0
-1,frame001301.png,0,0,0
-1,frame001302.png,0,0,0
-1,frame001303.png,0,0,0
-1,frame001304.png,0,0,0
-1,frame001305.png,0,0,0
-1,frame001306.png,0,0,0
-1,frame001307.png,0,0,0
-1,frame001308.png,0,0,0
-1,frame001309.png,0,0,0
-1,frame001310.png,0,0,0
-1,frame001311.png,0,0,0
-1,frame001312.png,0,0,0
-1,frame001313.png,0,0,0
-1,frame001314.png,0,0,0
-1,frame001315.png,0,0,0
-1,frame001316.png,0,0,0
-1,frame001317.png,0,0,0
-1,frame001318.png,0,0,0
-1,frame001319.png,0,0,0
-1,frame001320.png,0,0,0
-1,frame001321.png,0,0,0
-1,frame001322.png,0,0,0
-1,frame001323.png,0,0,0
-1,frame001324.png,0,0,0
-1,frame001325.png,0,0,0
-1,frame001326.png,0,0,0
-1,frame001327.png,0,0,0
-1,frame001328.png,0,0,0
-1,frame001329.png,0,0,0
-1,frame001330.png,0,0,0
-1,frame001331.png,0,0,0
-1,frame001332.png,0,0,0
-1,frame001333.png,0,0,0
-1,frame001334.png,0,0,0
-1,frame001335.png,0,0,0
-1,frame001336.png,0,0,0
-1,frame001337.png,0,0,0
-1,frame001338.png,0,0,0
-1,frame001339.png,0,0,0
-1,frame001340.png,0,0,0
-1,frame001341.png,0,0,0
-1,frame001342.png,0,0,0
-1,frame001343.png,0,0,0
-1,frame001344.png,0,0,0
-1,frame001345.png,0,0,0
-1,frame001346.png,0,0,0
-1,frame001347.png,0,0,0
-1,frame001348.png,0,0,0
-1,frame001349.png,0,0,0
-1,frame001350.png,0,0,0
-1,frame001351.png,0,0,0
-1,frame001352.png,0,0,0
-1,frame001353.png,0,0,0
-1,frame001354.png,0,0,0
-1,frame001355.png,0,0,0
-1,frame001356.png,0,0,0
-1,frame001357.png,0,0,0
-1,frame001358.png,0,0,0
-1,frame001359.png,0,0,0
-1,frame001360.png,0,0,0
-1,frame001361.png,0,0,0
-1,frame001362.png,0,0,0
-1,frame001363.png,0,0,0
-1,frame001364.png,0,0,0
-1,frame001365.png,0,0,0
-1,frame001366.png,0,0,0
-1,frame001367.png,0,0,0
-1,frame001368.png,0,0,0
-1,frame001369.png,0,0,0
-1,frame001370.png,0,0,0
-1,frame001371.png,0,0,0
-1,frame001372.png,0,0,0
-1,frame001373.png,0,0,0
-1,frame001374.png,0,0,0
-1,frame001375.png,0,0,0
-1,frame001376.png,0,0,0
-1,frame001377.png,0,0,0
-1,frame001378.png,0,0,0
-1,frame001379.png,0,0,0
-1,frame001380.png,0,0,0
-1,frame001381.png,0,0,0
-1,frame001382.png,0,0,0
-1,frame001383.png,0,0,0
-1,frame001384.png,0,0,0
-1,frame001385.png,0,0,0
-1,frame001386.png,0,0,0
-1,frame001387.png,0,0,0
-1,frame001388.png,0,0,0
-1,frame001389.png,0,0,0
-1,frame001390.png,0,0,0
-1,frame001391.png,0,0,0
-1,frame001392.png,0,0,0
-1,frame001393.png,0,0,0
-1,frame001394.png,0,0,0
-1,frame001395.png,0,0,0
-1,frame001396.png,0,0,0
-1,frame001397.png,0,0,0
-1,frame001398.png,0,0,0
-1,frame001399.png,0,0,0
-1,frame001400.png,0,0,0
-1,frame001401.png,0,0,0
-1,frame001402.png,0,0,0
-1,frame001403.png,0,0,0
-1,frame001404.png,0,0,0
-1,frame001405.png,0,0,0
-1,frame001406.png,0,0,0
-1,frame001407.png,0,0,0
-1,frame001408.png,0,0,0
-1,frame001409.png,0,0,0
-1,frame001410.png,0,0,0
-1,frame001411.png,0,0,0
-1,frame001412.png,0,0,0
-1,frame001413.png,0,0,0
-1,frame001414.png,0,0,0
-1,frame001415.png,0,0,0
-1,frame001416.png,0,0,0
-1,frame001417.png,0,0,0
-1,frame001418.png,0,0,0
-1,frame001419.png,0,0,0
-1,frame001420.png,0,0,0
-1,frame001421.png,0,0,0
-1,frame001422.png,0,0,0
-1,frame001423.png,0,0,0
-1,frame001424.png,0,0,0
-1,frame001425.png,0,0,0
-1,frame001426.png,0,0,0
-1,frame001427.png,0,0,0
-1,frame001428.png,0,0,0
-1,frame001429.png,0,0,0
-1,frame001430.png,0,0,0
-1,frame001431.png,0,0,0
-1,frame001432.png,0,0,0
-1,frame001433.png,0,0,0
-1,frame001434.png,0,0,0
-1,frame001435.png,0,0,0
-1,frame001436.png,0,0,0
-1,frame001437.png,0,0,0
-1,frame001438.png,0,0,0
-1,frame001439.png,0,0,0
-1,frame001440.png,0,0,0
-1,frame001441.png,0,0,0
-1,frame001442.png,0,0,0
-1,frame001443.png,0,0,0
-1,frame001444.png,0,0,0
-1,frame001445.png,0,0,0
-1,frame001446.png,0,0,0
-1,frame001447.png,0,0,0
-1,frame001448.png,0,0,0
-1,frame001449.png,0,0,0
-1,frame001450.png,0,0,0
-1,frame001451.png,0,0,0
-1,frame001452.png,0,0,0
-1,frame001453.png,0,0,0
-1,frame001454.png,0,0,0
-1,frame001455.png,0,0,0
-1,frame001456.png,0,0,0
-1,frame001457.png,0,0,0
-1,frame001458.png,0,0,0
-1,frame001459.png,0,0,0
-1,frame001460.png,0,0,0
-1,frame001461.png,0,0,0
-1,frame001462.png,0,0,0
-1,frame001463.png,0,0,0
-1,frame001464.png,0,0,0
-1,frame001465.png,0,0,0
-1,frame001466.png,0,0,0
-1,frame001467.png,0,0,0
-1,frame001468.png,0,0,0
-1,frame001469.png,0,0,0
-1,frame001470.png,0,0,0
-1,frame001471.png,0,0,0
-1,frame001472.png,0,0,0
-1,frame001473.png,0,0,0
-1,frame001474.png,0,0,0
-1,frame001475.png,0,0,0
-1,frame001476.png,0,0,0
-1,frame001477.png,0,0,0
-1,frame001478.png,0,0,0
-1,frame001479.png,0,0,0
-1,frame001480.png,0,0,0
-1,frame001481.png,0,0,0
-1,frame001482.png,0,0,0
-1,frame001483.png,0,0,0
-1,frame001484.png,0,0,0
-1,frame001485.png,0,0,0
-1,frame001486.png,0,0,0
-1,frame001487.png,0,0,0
-1,frame001488.png,0,0,0
-1,frame001489.png,0,0,0
-1,frame001490.png,0,0,0
-1,frame001491.png,0,0,0
-1,frame001492.png,0,0,0
-1,frame001493.png,0,0,0
-1,frame001494.png,0,0,0
-1,frame001495.png,0,0,0
-1,frame001496.png,0,0,0
-1,frame001497.png,0,0,0
-1,frame001498.png,0,0,0
-1,frame001499.png,0,0,0
-1,frame001500.png,0,0,0
-1,frame001501.png,0,0,0
-1,frame001502.png,0,0,0
-1,frame001503.png,0,0,0
-1,frame001504.png,0,0,0
-1,frame001505.png,0,0,0
-1,frame001506.png,0,0,0
-1,frame001507.png,0,0,0
-1,frame001508.png,0,0,0
-1,frame001509.png,0,0,0
-1,frame001510.png,0,0,0
-1,frame001511.png,0,0,0
-1,frame001512.png,0,0,0
-1,frame001513.png,0,0,0
-1,frame001514.png,0,0,0
-1,frame001515.png,0,0,0
-1,frame001516.png,0,0,0
-1,frame001517.png,0,0,0
-1,frame001518.png,0,0,0
-1,frame001519.png,0,0,0
-1,frame001520.png,0,0,0
-1,frame001521.png,0,0,0
-1,frame001522.png,0,0,0
-1,frame001523.png,0,0,0
-1,frame001524.png,0,0,0
-1,frame001525.png,0,0,0
-1,frame001526.png,0,0,0
-1,frame001527.png,0,0,0
-1,frame001528.png,0,0,0
-1,frame001529.png,0,0,0
-1,frame001530.png,0,0,0
-1,frame001531.png,0,0,0
-1,frame001532.png,0,0,0
-1,frame001533.png,0,0,0
-1,frame001534.png,0,0,0
-1,frame001535.png,0,0,0
-1,frame001536.png,0,0,0
-1,frame001537.png,0,0,0
-1,frame001538.png,0,0,0
-1,frame001539.png,0,0,0
-1,frame001540.png,0,0,0
-1,frame001541.png,0,0,0
-1,frame001542.png,0,0,0
-1,frame001543.png,0,0,0
-1,frame001544.png,0,0,0
-1,frame001545.png,0,0,0
-1,frame001546.png,0,0,0
-1,frame001547.png,0,0,0
-1,frame001548.png,0,0,0
-1,frame001549.png,0,0,0
-1,frame001550.png,0,0,0
-1,frame001551.png,0,0,0
-1,frame001552.png,0,0,0
-1,frame001553.png,0,0,0
-1,frame001554.png,0,0,0
-1,frame001555.png,0,0,0
-1,frame001556.png,0,0,0
-1,frame001557.png,0,0,0
-1,frame001558.png,0,0,0
-1,frame001559.png,0,0,0
-1,frame001560.png,0,0,0
-1,frame001561.png,0,0,0
-1,frame001562.png,0,0,0
-1,frame001563.png,0,0,0
-1,frame001564.png,0,0,0
-1,frame001565.png,0,0,0
-1,frame001566.png,0,0,0
-1,frame001567.png,0,0,0
-1,frame001568.png,0,0,0
-1,frame001569.png,0,0,0
-1,frame001570.png,0,0,0
-1,frame001571.png,0,0,0
-1,frame001572.png,0,0,0
-1,frame001573.png,0,0,0
-1,frame001574.png,0,0,0
-1,frame001575.png,0,0,0
-1,frame001576.png,0,0,0
-1,frame001577.png,0,0,0
-1,frame001578.png,0,0,0
-1,frame001579.png,0,0,0
-1,frame001580.png,0,0,0
-1,frame001581.png,0,0,0
-1,frame001582.png,0,0,0
-1,frame001583.png,0,0,0
-1,frame001584.png,0,0,0
-1,frame001585.png,0,0,0
-1,frame001586.png,0,0,0
-1,frame001587.png,0,0,0
-1,frame001588.png,0,0,0
-1,frame001589.png,0,0,0
-1,frame001590.png,0,0,0
-1,frame001591.png,0,0,0
-1,frame001592.png,0,0,0
-1,frame001593.png,0,0,0
-1,frame001594.png,0,0,0
-1,frame001595.png,0,0,0
-1,frame001596.png,0,0,0
-1,frame001597.png,0,0,0
-1,frame001598.png,0,0,0
-1,frame001599.png,0,0,0
-1,frame001600.png,0,0,0
-1,frame001601.png,0,0,0
-1,frame001602.png,0,0,0
-1,frame001603.png,0,0,0
-1,frame001604.png,0,0,0
-1,frame001605.png,0,0,0
-1,frame001606.png,0,0,0
-1,frame001607.png,0,0,0
-1,frame001608.png,0,0,0
-1,frame001609.png,0,0,0
-1,frame001610.png,0,0,0
-1,frame001611.png,0,0,0
-1,frame001612.png,0,0,0
-1,frame001613.png,0,0,0
-1,frame001614.png,0,0,0
-1,frame001615.png,0,0,0
-1,frame001616.png,0,0,0
-1,frame001617.png,0,0,0
-1,frame001618.png,0,0,0
-1,frame001619.png,0,0,0
-1,frame001620.png,0,0,0
-1,frame001621.png,0,0,0
-1,frame001622.png,0,0,0
-1,frame001623.png,0,0,0
-1,frame001624.png,0,0,0
-1,frame001625.png,0,0,0
-1,frame001626.png,0,0,0
-1,frame001627.png,0,0,0
-1,frame001628.png,0,0,0
-1,frame001629.png,0,0,0
-1,frame001630.png,0,0,0
-1,frame001631.png,0,0,0
-1,frame001632.png,0,0,0
-1,frame001633.png,0,0,0
-1,frame001634.png,0,0,0
-1,frame001635.png,0,0,0
-1,frame001636.png,0,0,0
-1,frame001637.png,0,0,0
-1,frame001638.png,0,0,0
-1,frame001639.png,0,0,0
-1,frame001640.png,0,0,0
-1,frame001641.png,0,0,0
-1,frame001642.png,0,0,0
-1,frame001643.png,0,0,0
-1,frame001644.png,0,0,0
-1,frame001645.png,0,0,0
-1,frame001646.png,0,0,0
-1,frame001647.png,0,0,0
-1,frame001648.png,0,0,0
-1,frame001649.png,0,0,0
-1,frame001650.png,0,0,0
-1,frame001651.png,0,0,0
-1,frame001652.png,0,0,0
-1,frame001653.png,0,0,0
-1,frame001654.png,0,0,0
-1,frame001655.png,0,0,0
-1,frame001656.png,0,0,0
-1,frame001657.png,0,0,0
-1,frame001658.png,0,0,0
-1,frame001659.png,0,0,0
-1,frame001660.png,0,0,0
-1,frame001661.png,0,0,0
-1,frame001662.png,0,0,0
-1,frame001663.png,0,0,0
-1,frame001664.png,0,0,0
-1,frame001665.png,0,0,0
-1,frame001666.png,0,0,0
-1,frame001667.png,0,0,0
-1,frame001668.png,0,0,0
-1,frame001669.png,0,0,0
-1,frame001670.png,0,0,0
-1,frame001671.png,0,0,0
-1,frame001672.png,0,0,0
-1,frame001673.png,0,0,0
-1,frame001674.png,0,0,0
-1,frame001675.png,0,0,0
-1,frame001676.png,0,0,0
-1,frame001677.png,0,0,0
-1,frame001678.png,0,0,0
-1,frame001679.png,0,0,0
-1,frame001680.png,0,0,0
-1,frame001681.png,0,0,0
-1,frame001682.png,0,0,0
-1,frame001683.png,0,0,0
-1,frame001684.png,0,0,0
-1,frame001685.png,0,0,0
-1,frame001686.png,0,0,0
-1,frame001687.png,0,0,0
-1,frame001688.png,0,0,0
-1,frame001689.png,0,0,0
-1,frame001690.png,0,0,0
-1,frame001691.png,0,0,0
-1,frame001692.png,0,0,0
-1,frame001693.png,0,0,0
-1,frame001694.png,0,0,0
-1,frame001695.png,0,0,0
-1,frame001696.png,0,0,0
-1,frame001697.png,0,0,0
-1,frame001698.png,0,0,0
-1,frame001699.png,0,0,0
-1,frame001700.png,0,0,0
-1,frame001701.png,0,0,0
-1,frame001702.png,0,0,0
-1,frame001703.png,0,0,0
-1,frame001704.png,0,0,0
-1,frame001705.png,0,0,0
-1,frame001706.png,0,0,0
-1,frame001707.png,0,0,0
-1,frame001708.png,0,0,0
-1,frame001709.png,0,0,0
-1,frame001710.png,0,0,0
-1,frame001711.png,0,0,0
-1,frame001712.png,0,0,0
-1,frame001713.png,0,0,0
-1,frame001714.png,0,0,0
-1,frame001715.png,0,0,0
-1,frame001716.png,0,0,0
-1,frame001717.png,0,0,0
-1,frame001718.png,0,0,0
-1,frame001719.png,0,0,0
-1,frame001720.png,0,0,0
-1,frame001721.png,0,0,0
-1,frame001722.png,0,0,0
-1,frame001723.png,0,0,0
-1,frame001724.png,0,0,0
-1,frame001725.png,0,0,0
-1,frame001726.png,0,0,0
-1,frame001727.png,0,0,0
-1,frame001728.png,0,0,0
-1,frame001729.png,0,0,0
-1,frame001730.png,0,0,0
-1,frame001731.png,0,0,0
-1,frame001732.png,0,0,0
-1,frame001733.png,0,0,0
-1,frame001734.png,0,0,0
-1,frame001735.png,0,0,0
-1,frame001736.png,0,0,0
-1,frame001737.png,0,0,0
-1,frame001738.png,0,0,0
-1,frame001739.png,0,0,0
-1,frame001740.png,0,0,0
-1,frame001741.png,0,0,0
-1,frame001742.png,0,0,0
-1,frame001743.png,0,0,0
-1,frame001744.png,0,0,0
-1,frame001745.png,0,0,0
-1,frame001746.png,0,0,0
-1,frame001747.png,0,0,0
-1,frame001748.png,0,0,0
-1,frame001749.png,0,0,0
-1,frame001750.png,0,0,0
-1,frame001751.png,0,0,0
-1,frame001752.png,0,0,0
-1,frame001753.png,0,0,0
-1,frame001754.png,0,0,0
-1,frame001755.png,0,0,0
-1,frame001756.png,0,0,0
-1,frame001757.png,0,0,0
-1,frame001758.png,0,0,0
-1,frame001759.png,0,0,0
-1,frame001760.png,0,0,0
-1,frame001761.png,0,0,0
-1,frame001762.png,0,0,0
-1,frame001763.png,0,0,0
-1,frame001764.png,0,0,0
-1,frame001765.png,0,0,0
-1,frame001766.png,0,0,0
-1,frame001767.png,0,0,0
-1,frame001768.png,0,0,0
-1,frame001769.png,0,0,0
-1,frame001770.png,0,0,0
-1,frame001771.png,0,0,0
-1,frame001772.png,0,0,0
-1,frame001773.png,0,0,0
-1,frame001774.png,0,0,0
-1,frame001775.png,0,0,0
-1,frame001776.png,0,0,0
-1,frame001777.png,0,0,0
-1,frame001778.png,0,0,0
-1,frame001779.png,0,0,0
-1,frame001780.png,0,0,0
-1,frame001781.png,0,0,0
-1,frame001782.png,0,0,0
-1,frame001783.png,0,0,0
-1,frame001784.png,0,0,0
-1,frame001785.png,0,0,0
-1,frame001786.png,0,0,0
-1,frame001787.png,0,0,0
-1,frame001788.png,0,0,0
-1,frame001789.png,0,0,0
-1,frame001790.png,0,0,0
-1,frame001791.png,0,0,0
-1,frame001792.png,0,0,0
-1,frame001793.png,0,0,0
-1,frame001794.png,0,0,0
-1,frame001795.png,0,0,0
-1,frame001796.png,0,0,0
-1,frame001797.png,0,0,0
-1,frame001798.png,0,0,0
-1,frame001799.png,0,0,0
-1,frame001800.png,0,0,0
-1,frame001801.png,0,0,0
-1,frame001802.png,0,0,0
-1,frame001803.png,0,0,0
-1,frame001804.png,0,0,0
-1,frame001805.png,0,0,0
-1,frame001806.png,0,0,0
-1,frame001807.png,0,0,0
-1,frame001808.png,0,0,0
-1,frame001809.png,0,0,0
-1,frame001810.png,0,0,0
-1,frame001811.png,0,0,0
-1,frame001812.png,0,0,0
-1,frame001813.png,0,0,0
-1,frame001814.png,0,0,0
-1,frame001815.png,0,0,0
-1,frame001816.png,0,0,0
-1,frame001817.png,0,0,0
-1,frame001818.png,0,0,0
-1,frame001819.png,0,0,0
-1,frame001820.png,0,0,0
-1,frame001821.png,0,0,0
-1,frame001822.png,0,0,0
-1,frame001823.png,0,0,0
-1,frame001824.png,0,0,0
-1,frame001825.png,0,0,0
-1,frame001826.png,0,0,0
-1,frame001827.png,0,0,0
-1,frame001828.png,0,0,0
-1,frame001829.png,0,0,0
-1,frame001830.png,0,0,0
-1,frame001831.png,0,0,0
-1,frame001832.png,0,0,0
-1,frame001833.png,0,0,0
-1,frame001834.png,0,0,0
-1,frame001835.png,0,0,0
-1,frame001836.png,0,0,0
-1,frame001837.png,0,0,0
-1,frame001838.png,0,0,0
-1,frame001839.png,0,0,0
-1,frame001840.png,0,0,0
-1,frame001841.png,0,0,0
-1,frame001842.png,0,0,0
-1,frame001843.png,0,0,0
-1,frame001844.png,0,0,0
-1,frame001845.png,0,0,0
-1,frame001846.png,0,0,0
-1,frame001847.png,0,0,0
-1,frame001848.png,0,0,0
-1,frame001849.png,0,0,0
-1,frame001850.png,0,0,0
-1,frame001851.png,0,0,0
-1,frame001852.png,0,0,0
-1,frame001853.png,0,0,0
-1,frame001854.png,0,0,0
-1,frame001855.png,0,0,0
-1,frame001856.png,0,0,0
-1,frame001857.png,0,0,0
-1,frame001858.png,0,0,0
-1,frame001859.png,0,0,0
-1,frame001860.png,0,0,0
-1,frame001861.png,0,0,0
-1,frame001862.png,0,0,0
-1,frame001863.png,0,0,0
-1,frame001864.png,0,0,0
-1,frame001865.png,0,0,0
-1,frame001866.png,0,0,0
-1,frame001867.png,0,0,0
-1,frame001868.png,0,0,0
-1,frame001869.png,0,0,0
-1,frame001870.png,0,0,0
-1,frame001871.png,0,0,0
-1,frame001872.png,0,0,0
-1,frame001873.png,0,0,0
-1,frame001874.png,0,0,0
-1,frame001875.png,0,0,0
-1,frame001876.png,0,0,0
-1,frame001877.png,0,0,0
-1,frame001878.png,0,0,0
-1,frame001879.png,0,0,0
-1,frame001880.png,0,0,0
-1,frame001881.png,0,0,0
-1,frame001882.png,0,0,0
-1,frame001883.png,0,0,0
-1,frame001884.png,0,0,0
-1,frame001885.png,0,0,0
-1,frame001886.png,0,0,0
-1,frame001887.png,0,0,0
-1,frame001888.png,0,0,0
-1,frame001889.png,0,0,0
-1,frame001890.png,0,0,0
-1,frame001891.png,0,0,0
-1,frame001892.png,0,0,0
-1,frame001893.png,0,0,0
-1,frame001894.png,0,0,0
-1,frame001895.png,0,0,0
-1,frame001896.png,0,0,0
-1,frame001897.png,0,0,0
-1,frame001898.png,0,0,0
-1,frame001899.png,0,0,0
-1,frame001900.png,0,0,0
-1,frame001901.png,0,0,0
-1,frame001902.png,0,0,0
-1,frame001903.png,0,0,0
-1,frame001904.png,0,0,0
-1,frame001905.png,0,0,0
-1,frame001906.png,0,0,0
-1,frame001907.png,0,0,0
-1,frame001908.png,0,0,0
-1,frame001909.png,0,0,0
-1,frame001910.png,0,0,0
-1,frame001911.png,0,0,0
-1,frame001912.png,0,0,0
-1,frame001913.png,0,0,0
-1,frame001914.png,0,0,0
-1,frame001915.png,0,0,0
-1,frame001916.png,0,0,0
-1,frame001917.png,0,0,0
-1,frame001918.png,0,0,0
-1,frame001919.png,0,0,0
-1,frame001920.png,0,0,0
-1,frame001921.png,0,0,0
-1,frame001922.png,0,0,0
-1,frame001923.png,0,0,0
-1,frame001924.png,0,0,0
1,frame001925.png,-447,-1430,-1.1519810215460515
1,frame001926.png,320,-51,-0.28210069616508504
1,frame001927.png,323,-26,-0.21101445643526276
1,frame001928.png,331,-3,-0.14404733477337273
1,frame001929.png,328,5,-0.14986316042115316
1,frame001930.png,329,22,-0.14992221315541657
1,frame001931.png,328,32,-0.1460502036535
1,frame001932.png,331,45,-0.15029514402206018
1,frame001933.png,331,51,-0.10452477340154465
1,frame001934.png,333,70,-0.1327010395353677
1,frame001935.png,328,84,-0.18221788306290754
1,frame001936.png,333,97,-0.12635381036806867
1,frame001937.png,327,111,-0.16769456180477163
1,frame001938.png,327,127,-0.12404387776506638
1,frame001939.png,329,147,-0.12031741266781137
0,frame001940.png,448,214,-2.881201554917121
0,frame001941.png,235,242,2.9024686340271924
0,frame001942.png,368,225,1.5703155427806914
1,frame001943.png,328,192,-0.11216626419875333
1,frame001944.png,325,195,-0.09615280149161007
1,frame001945.png,327,202,-0.07300959380083143
0,frame001946.png,507,290,0.742960448383626
1,frame001947.png,323,203,-0.09747183728697291
1,frame001948.png,325,204,-0.03814132329227861
1,frame001949.png,321,201,-0.11010638265791343
0,frame001950.png,219,301,0.9930409701596723
1,frame001951.png,321,200,-0.10433152782937154
1,frame001952.png,316,193,-0.12144743139281394
1,frame001953.png,322,197,-0.04003946187181498
1,frame001954.png,321,190,-0.03991360420108323
-1,frame001955.png,0,0,0
1,frame001956.png,313,175,-0.1372699504339366
1,frame001957.png,311,168,-0.1835067021119175
1,frame001958.png,314,167,-0.104076303958914
0,frame001959.png,260,104,-3.100045393981963
1,frame001960.png,312,159,-0.1335213079847198
1,frame001961.png,311,155,-0.16178391672167888
1,frame001962.png,311,152,-0.1422384538682399
1,frame001963.png,311,152,-0.13795584956997567
1,frame001964.png,309,148,-0.17188216220174193
1,frame001965.png,307,146,-0.2070930687829884
1,frame001966.png,306,146,-0.19334794301180336
1,frame001967.png,308,147,-0.1676634378330657
1,frame001968.png,302,144,-0.2339256889918827
1,frame001969.png,307,148,-0.17104998884648662
1,frame001970.png,304,149,-0.19991222355882604
1,frame001971.png,306,153,-0.17929849145868101
1,frame001972.png,297,155,-0.26491188781157127
1,frame001973.png,302,162,-0.1905010890815503
1,frame001974.png,301,170,-0.18503463314529758
1,frame001975.png,299,173,-0.23283417365965145
1,frame001976.png,303,182,-0.11998173830389508
1,frame001977.png,301,192,-0.19129016088583853
1,frame001978.png,297,193,-0.2128492831566867
1,frame001979.png,301,206,-0.18349437176979627
1,frame001980.png,300,211,-0.19496311986525441
1,frame001981.png,302,225,-0.168406572044484
1,frame001982.png,303,233,-0.1292063059064854
1,frame001983.png,305,243,-0.1638976262584815
-1,frame001984.png,0,0,0
-1,frame001985.png,0,0,0
-1,frame001986.png,0,0,0
-1,frame001987.png,0,0,0
-1,frame001988.png,0,0,0
-1,frame001989.png,0,0,0
-1,frame001990.png,0,0,0
-1,frame001991.png,0,0,0
-1,frame001992.png,0,0,0
-1,frame001993.png,0,0,0
-1,frame001994.png,0,0,0
-1,frame001995.png,0,0,0
-1,frame001996.png,0,0,0
-1,frame001997.png,0,0,0
-1,frame001998.png,0,0,0
-1,frame001999.png,0,0,0
-1,frame002000.png,0,0,0
-1,frame002001.png,0,0,0
-1,frame002002.png,0,0,0
-1,frame002003.png,0,0,0
-1,frame002004.png,0,0,0
-1,frame002005.png,0,0,0
-1,frame002006.png,0,0,0
-1,frame002007.png,0,0,0
-1,frame002008.png,0,0,0
-1,frame002009.png,0,0,0
-1,frame002010.png,0,0,0
-1,frame002011.png,0,0,0
-1,frame002012.png,0,0,0
-1,frame002013.png,0,0,0
-1,frame002014.png,0,0,0
-1,frame002015.png,0,0,0
-1,frame002016.png,0,0,0
-1,frame002017.png,0,0,0
-1,frame002018.png,0,0,0
-1,frame002019.png,0,0,0
-1,frame002020.png,0,0,0
-1,frame002021.png,0,0,0
-1,frame002022.png,0,0,0
-1,frame002023.png,0,0,0
-1,frame002024.png,0,0,0
-1,frame002025.png,0,0,0
-1,frame002026.png,0,0,0
-1,frame002027.png,0,0,0
-1,frame002028.png,0,0,0
-1,frame002029.png,0,0,0
-1,frame002030.png,0,0,0
-1,frame002031.png,0,0,0
-1,frame002032.png,0,0,0
-1,frame002033.png,0,0,0
-1,frame002034.png,0,0,0
-1,frame002035.png,0,0,0
-1,frame002036.png,0,0,0
-1,frame002037.png,0,0,0
-1,frame002038.png,0,0,0
-1,frame002039.png,0,0,0
-1,frame002040.png,0,0,0
-1,frame002041.png,0,0,0
-1,frame002042.png,0,0,0
-1,frame002043.png,0,0,0
-1,frame002044.png,0,0,0
-1,frame002045.png,0,0,0
-1,frame002046.png,0,0,0
-1,frame002047.png,0,0,0
-1,frame002048.png,0,0,0
-1,frame002049.png,0,0,0
-1,frame002050.png,0,0,0
-1,frame002051.png,0,0,0
-1,frame002052.png,0,0,0
-1,frame002053.png,0,0,0
-1,frame002054.png,0,0,0
-1,frame002055.png,0,0,0
-1,frame002056.png,0,0,0
-1,frame002057.png,0,0,0
-1,frame002058.png,0,0,0
-1,frame002059.png,0,0,0
-1,frame002060.png,0,0,0
-1,frame002061.png,0,0,0
-1,frame002062.png,0,0,0
-1,frame002063.png,0,0,0
-1,frame002064.png,0,0,0
-1,frame002065.png,0,0,0
-1,frame002066.png,0,0,0
-1,frame002067.png,0,0,0
-1,frame002068.png,0,0,0
-1,frame002069.png,0,0,0
-1,frame002070.png,0,0,0
-1,frame002071.png,0,0,0
-1,frame002072.png,0,0,0
-1,frame002073.png,0,0,0
-1,frame002074.png,0,0,0
-1,frame002075.png,0,0,0
-1,frame002076.png,0,0,0
-1,frame002077.png,0,0,0
-1,frame002078.png,0,0,0
-1,frame002079.png,0,0,0
-1,frame002080.png,0,0,0
-1,frame002081.png,0,0,0
-1,frame002082.png,0,0,0
-1,frame002083.png,0,0,0
-1,frame002084.png,0,0,0
-1,frame002085.png,0,0,0
-1,frame002086.png,0,0,0
-1,frame002087.png,0,0,0
-1,frame002088.png,0,0,0
-1,frame002089.png,0,0,0
-1,frame002090.png,0,0,0
-1,frame002091.png,0,0,0
-1,frame002092.png,0,0,0
-1,frame002093.png,0,0,0
-1,frame002094.png,0,0,0
-1,frame002095.png,0,0,0
-1,frame002096.png,0,0,0
-1,frame002097.png,0,0,0
-1,frame002098.png,0,0,0
-1,frame002099.png,0,0,0
-1,frame002100.png,0,0,0
-1,frame002101.png,0,0,0
-1,frame002102.png,0,0,0
-1,frame002103.png,0,0,0
-1,frame002104.png,0,0,0
-1,frame002105.png,0,0,0
-1,frame002106.png,0,0,0
-1,frame002107.png,0,0,0
-1,frame002108.png,0,0,0
-1,frame002109.png,0,0,0
-1,frame002110.png,0,0,0
-1,frame002111.png,0,0,0
-1,frame002112.png,0,0,0
-1,frame002113.png,0,0,0
-1,frame002114.png,0,0,0
-1,frame002115.png,0,0,0
-1,frame002116.png,0,0,0
-1,frame002117.png,0,0,0
-1,frame002118.png,0,0,0
-1,frame002119.png,0,0,0
-1,frame002120.png,0,0,0
-1,frame002121.png,0,0,0
-1,frame002122.png,0,0,0
-1,frame002123.png,0,0,0
-1,frame002124.png,0,0,0
-1,frame002125.png,0,0,0
-1,frame002126.png,0,0,0
-1,frame002127.png,0,0,0
-1,frame002128.png,0,0,0
-1,frame002129.png,0,0,0
-1,frame002130.png,0,0,0
-1,frame002131.png,0,0,0
-1,frame002132.png,0,0,0
-1,frame002133.png,0,0,0
-1,frame002134.png,0,0,0
-1,frame002135.png,0,0,0
-1,frame002136.png,0,0,0
-1,frame002137.png,0,0,0
-1,frame002138.png,0,0,0
-1,frame002139.png,0,0,0
-1,frame002140.png,0,0,0
-1,frame002141.png,0,0,0
-1,frame002142.png,0,0,0
-1,frame002143.png,0,0,0
-1,frame002144.png,0,0,0
-1,frame002145.png,0,0,0
-1,frame002146.png,0,0,0
-1,frame002147.png,0,0,0
-1,frame002148.png,0,0,0
-1,frame002149.png,0,0,0
-1,frame002150.png,0,0,0
-1,frame002151.png,0,0,0
-1,frame002152.png,0,0,0
-1,frame002153.png,0,0,0
-1,frame002154.png,0,0,0
-1,frame002155.png,0,0,0
-1,frame002156.png,0,0,0
-1,frame002157.png,0,0,0
-1,frame002158.png,0,0,0
-1,frame002159.png,0,0,0
-1,frame002160.png,0,0,0
-1,frame002161.png,0,0,0
-1,frame002162.png,0,0,0
-1,frame002163.png,0,0,0
-1,frame002164.png,0,0,0
-1,frame002165.png,0,0,0
-1,frame002166.png,0,0,0
-1,frame002167.png,0,0,0
-1,frame002168.png,0,0,0
-1,frame002169.png,0,0,0
-1,frame002170.png,0,0,0
-1,frame002171.png,0,0,0
-1,frame002172.png,0,0,0
-1,frame002173.png,0,0,0
-1,frame002174.png,0,0,0
-1,frame002175.png,0,0,0
-1,frame002176.png,0,0,0
-1,frame002177.png,0,0,0
-1,frame002178.png,0,0,0
-1,frame002179.png,0,0,0
-1,frame002180.png,0,0,0
-1,frame002181.png,0,0,0
-1,frame002182.png,0,0,0
-1,frame002183.png,0,0,0
-1,frame002184.png,0,0,0
-1,frame002185.png,0,0,0
-1,frame002186.png,0,0,0
-1,frame002187.png,0,0,0
-1,frame002188.png,0,0,0
-1,frame002189.png,0,0,0
-1,frame002190.png,0,0,0
-1,frame002191.png,0,0,0
-1,frame002192.png,0,0,0
-1,frame002193.png,0,0,0
-1,frame002194.png,0,0,0
-1,frame002195.png,0,0,0
-1,frame002196.png,0,0,0
2,frame002197.png,677,158,0.5812046075305001
1,frame002198.png,599,167,1.4123517527349503
2,frame002199.png,630,154,0.7258796017392629
2,frame002200.png,616,159,0.7370077449143455
2,frame002201.png,596,152,0.7128380796877679
2,frame002202.png,582,157,0.7088132598850377
2,frame002203.png,566,153,0.7351951772583841
2,frame002204.png,547,155,0.7193366425206174
2,frame002205.png,534,160,0.7288151856923853
2,frame002206.png,521,159,0.7178150954309614
2,frame002207.png,511,163,0.7188146685083808
2,frame002208.png,507,167,0.7189781220542095
2,frame002209.png,506,168,0.7379545879088099
2,frame002210.png,503,170,0.7196526215275041
2,frame002211.png,502,169,0.721486140837356
0,frame002212.png,412,189,-2.951743921804602
0,frame002213.png,436,549,1.8320792642511732
2,frame002214.png,504,169,0.7015685343183938
2,frame002215.png,509,167,0.7001281577365844
2,frame002216.png,512,171,0.7317330232241968
2,frame002217.png,519,172,0.7095839712516508
2,frame002218.png,527,172,0.7133924595391472
2,frame002219.png,531,172,0.7184166049050662
2,frame002220.png,538,174,0.7069536694335306
2,frame002221.png,543,176,0.7215502628795941
2,frame002222.png,551,179,0.7190833342093005
2,frame002223.png,556,182,0.7459860419988932
2,frame002224.png,563,185,0.7405240874249686
2,frame002225.png,570,187,0.7094377994653667
2,frame002226.png,575,193,0.7238087019328446
2,frame002227.png,577,195,0.7357938000164025
2,frame002228.png,580,197,0.7446353496938893
2,frame002229.png,581,200,0.7329949251079095
2,frame002230.png,582,202,0.7473407276399426
2,frame002231.png,582,203,0.7537220609218415
2,frame002232.png,582,204,0.7220436032036124
2,frame002233.png,581,206,0.75038009226138
2,frame002234.png,581,207,0.7478853560196661
2,frame002235.png,578,210,0.7414090815286672
2,frame002236.png,572,213,0.7273239725254284
-1,frame002237.png,0,0,0
2,frame002238.png,560,217,0.7833872864910707
2,frame002239.png,555,213,0.751837282993028
2,frame002240.png,543,212,0.6890812317094456
2,frame002241.png,538,212,0.7396691947260648
2,frame002242.png,523,214,0.7335824477645808
2,frame002243.png,510,211,0.736503603399512
2,frame002244.png,502,213,0.7274944184252596
2,frame002245.png,487,210,0.759747112755686
2,frame002246.png,468,204,0.7312750066822984
2,frame002247.png,447,207,0.7453296249814418
2,frame002248.png,437,200,0.7254456862544431
-1,frame002249.png,0,0,0
2,frame002250.png,409,200,0.7267189206564186
2,frame002251.png,388,200,0.7438332135987681
2,frame002252.png,378,195,0.7507296309809313
2,frame002253.png,366,197,0.738768200872023
2,frame002254.png,348,188,0.7331753394942866
2,frame002255.png,331,189,0.7516629266221162
2,frame002256.png,322,184,0.7283325639604128
2,frame002257.png,306,182,0.7351876448152624
2,frame002258.png,298,180,0.7293822558339501
2,frame002259.png,285,176,0.731912042048531
2,frame002260.png,275,179,0.7423808406967219
2,frame002261.png,272,174,0.7243935091047976
2,frame002262.png,270,172,0.7292339351630488
2,frame002263.png,267,168,0.7256471707261299
2,frame002264.png,266,166,0.723123129159238
2,frame002265.png,264,164,0.7177341656302654
2,frame002266.png,263,162,0.7115705587872216
2,frame002267.png,262,157,0.7144602198328257
2,frame002268.png,263,157,0.7140742259588231
2,frame002269.png,264,154,0.713856739830334
2,frame002270.png,264,151,0.7096717836045261
2,frame002271.png,268,149,0.7147848394894886
2,frame002272.png,274,150,0.7132597182084444
2,frame002273.png,276,151,0.7169620475195374
0,frame002274.png,293,326,1.4944898519726715
2,frame002275.png,283,154,0.7301309939601829
2,frame002276.png,288,156,0.7163119895593049
2,frame002277.png,291,160,0.7191733374900345
2,frame002278.png,297,163,0.7147195451941262
2,frame002279.png,298,164,0.7157569849771678
2,frame002280.png,300,165,0.7102777606554547
2,frame002281.png,303,166,0.7116039250418381
2,frame002282.png,306,169,0.7242614743945882
2,frame002283.png,308,171,0.7269935707270223
2,frame002284.png,308,172,0.7147954669140624
2,frame002285.png,311,176,0.7322068523078874
2,frame002286.png,309,177,0.7188393424870614
2,frame002287.png,310,180,0.7338517424497324
2,frame002288.png,310,180,0.7292565081159298
2,frame002289.png,308,184,0.7296224703046528
2,frame002290.png,307,185,0.7253386284112324
2,frame002291.png,302,188,0.7400873091364307
2,frame002292.png,296,191,0.7292022157880792
2,frame002293.png,290,193,0.7400765086649079
2,frame002294.png,284,195,0.7236403500039429
2,frame002295.png,277,196,0.7269806436441146
2,frame002296.png,270,200,0.7376733379694155
2,frame002297.png,260,200,0.7351317797277556
2,frame002298.png,250,199,0.739852421025886
2,frame002299.png,236,203,0.7398463258098102
2,frame002300.png,219,204,0.7358167968127441
2,frame002301.png,209,203,0.734853926025561
2,frame002302.png,200,200,0.7320921169971876
2,frame002303.png,178,203,0.7262511512278588
2,frame002304.png,167,200,0.7266676562229981
2,frame002305.png,147,200,0.7240847928831421
2,frame002306.png,137,198,0.7225110192444023
2,frame002307.png,117,198,0.7243474345614549
2,frame002308.png,98,200,0.7228745001488659
2,frame002309.png,91,197,0.7218982270227963
2,frame002310.png,75,199,0.7213562683954353
-1,frame002311.png,0,0,0
-1,frame002312.png,0,0,0
0,frame002313.png,45,238,-2.9110686515378545
-1,frame002314.png,0,0,0
-1,frame002315.png,0,0,0
-1,frame002316.png,0,0,0
2,frame002317.png,28,186,0.7152473869298827
-1,frame002318.png,0,0,0
2,frame002319.png,25,179,0.7113287937479803
1,frame002320.png,89,128,1.761723056519866
2,frame002321.png,31,192,0.7325522806990462
-1,frame002322.png,0,0,0
-1,frame002323.png,0,0,0
-1,frame002324.png,0,0,0
2,frame002325.png,43,163,0.7037401485067291
-1,frame002326.png,0,0,0
-1,frame002327.png,0,0,0
2,frame002328.png,54,156,0.7056222885389002
0,frame002329.png,35,-8,2.839911212337115
2,frame002330.png,68,153,0.7019661621034986
2,frame002331.png,74,153,0.7022697886973747
0,frame002332.png,92,322,1.4652162815077627
2,frame002333.png,82,152,0.7009203467092052
2,frame002334.png,88,153,0.7067453907138888
0,frame002335.png,115,357,2.550310445711085
0,frame002336.png,106,326,2.9980327183506854
2,frame002337.png,92,155,0.7043202122367216
2,frame002338.png,92,156,0.700947471600486
2,frame002339.png,92,157,0.7023911866227976
2,frame002340.png,90,158,0.7013114394105344
2,frame002341.png,91,159,0.7064010280137656
2,frame002342.png,85,161,0.703883006521855
2,frame002343.png,82,165,0.7099331252803167
2,frame002344.png,75,166,0.7144602458474734
2,frame002345.png,72,165,0.7171696242043227
2,frame002346.png,59,168,0.7149258619687089
2,frame002347.png,48,171,0.7162876332927164
-1,frame002348.png,0,0,0
-1,frame002349.png,0,0,0
-1,frame002350.png,0,0,0
-1,frame002351.png,0,0,0
-1,frame002352.png,0,0,0
-1,frame002353.png,0,0,0
-1,frame002354.png,0,0,0
-1,frame002355.png,0,0,0
-1,frame002356.png,0,0,0
-1,frame002357.png,0,0,0
-1,frame002358.png,0,0,0
-1,frame002359.png,0,0,0
-1,frame002360.png,0,0,0
-1,frame002361.png,0,0,0
-1,frame002362.png,0,0,0
-1,frame002363.png,0,0,0
-1,frame002364.png,0,0,0
-1,frame002365.png,0,0,0
-1,frame002366.png,0,0,0
-1,frame002367.png,0,0,0
-1,frame002368.png,0,0,0
-1,frame002369.png,0,0,0
-1,frame002370.png,0,0,0
-1,frame002371.png,0,0,0
-1,frame002372.png,0,0,0
-1,frame002373.png,0,0,0
-1,frame002374.png,0,0,0
-1,frame002375.png,0,0,0
-1,frame002376.png,0,0,0
-1,frame002377.png,0,0,0
-1,frame002378.png,0,0,0
-1,frame002379.png,0,0,0
-1,frame002380.png,0,0,0
-1,frame002381.png,0,0,0
-1,frame002382.png,0,0,0
-1,frame002383.png,0,0,0
-1,frame002384.png,0,0,0
-1,frame002385.png,0,0,0
-1,frame002386.png,0,0,0
-1,frame002387.png,0,0,0
-1,frame002388.png,0,0,0
-1,frame002389.png,0,0,0
-1,frame002390.png,0,0,0
-1,frame002391.png,0,0,0
-1,frame002392.png,0,0,0
-1,frame002393.png,0,0,0
-1,frame002394.png,0,0,0
-1,frame002395.png,0,0,0
-1,frame002396.png,0,0,0
-1,frame002397.png,0,0,0
-1,frame002398.png,0,0,0
-1,frame002399.png,0,0,0
-1,frame002400.png,0,0,0
-1,frame002401.png,0,0,0
-1,frame002402.png,0,0,0
-1,frame002403.png,0,0,0
-1,frame002404.png,0,0,0
-1,frame002405.png,0,0,0
-1,frame002406.png,0,0,0
-1,frame002407.png,0,0,0
-1,frame002408.png,0,0,0
-1,frame002409.png,0,0,0
-1,frame002410.png,0,0,0
-1,frame002411.png,0,0,0
-1,frame002412.png,0,0,0
-1,frame002413.png,0,0,0
-1,frame002414.png,0,0,0
-1,frame002415.png,0,0,0
-1,frame002416.png,0,0,0
-1,frame002417.png,0,0,0
-1,frame002418.png,0,0,0
-1,frame002419.png,0,0,0
-1,frame002420.png,0,0,0
-1,frame002421.png,0,0,0
-1,frame002422.png,0,0,0
-1,frame002423.png,0,0,0
-1,frame002424.png,0,0,0
-1,frame002425.png,0,0,0
-1,frame002426.png,0,0,0
-1,frame002427.png,0,0,0
-1,frame002428.png,0,0,0
-1,frame002429.png,0,0,0
-1,frame002430.png,0,0,0
-1,frame002431.png,0,0,0
-1,frame002432.png,0,0,0
-1,frame002433.png,0,0,0
-1,frame002434.png,0,0,0
-1,frame002435.png,0,0,0
-1,frame002436.png,0,0,0
-1,frame002437.png,0,0,0
-1,frame002438.png,0,0,0
-1,frame002439.png,0,0,0
-1,frame002440.png,0,0,0
-1,frame002441.png,0,0,0
-1,frame002442.png,0,0,0
-1,frame002443.png,0,0,0
-1,frame002444.png,0,0,0
-1,frame002445.png,0,0,0
-1,frame002446.png,0,0,0
-1,frame002447.png,0,0,0
-1,frame002448.png,0,0,0
-1,frame002449.png,0,0,0
-1,frame002450.png,0,0,0
-1,frame002451.png,0,0,0
-1,frame002452.png,0,0,0
-1,frame002453.png,0,0,0
-1,frame002454.png,0,0,0
-1,frame002455.png,0,0,0
-1,frame002456.png,0,0,0
-1,frame002457.png,0,0,0
-1,frame002458.png,0,0,0
-1,frame002459.png,0,0,0
-1,frame002460.png,0,0,0
-1,frame002461.png,0,0,0
-1,frame002462.png,0,0,0
-1,frame002463.png,0,0,0
-1,frame002464.png,0,0,0
-1,frame002465.png,0,0,0
-1,frame002466.png,0,0,0
-1,frame002467.png,0,0,0
-1,frame002468.png,0,0,0
-1,frame002469.png,0,0,0
-1,frame002470.png,0,0,0
-1,frame002471.png,0,0,0
-1,frame002472.png,0,0,0
-1,frame002473.png,0,0,0
-1,frame002474.png,0,0,0
-1,frame002475.png,0,0,0
-1,frame002476.png,0,0,0
-1,frame002477.png,0,0,0
-1,frame002478.png,0,0,0
-1,frame002479.png,0,0,0
-1,frame002480.png,0,0,0
-1,frame002481.png,0,0,0
-1,frame002482.png,0,0,0
-1,frame002483.png,0,0,0
-1,frame002484.png,0,0,0
-1,frame002485.png,0,0,0
-1,frame002486.png,0,0,0
-1,frame002487.png,0,0,0
-1,frame002488.png,0,0,0
-1,frame002489.png,0,0,0
-1,frame002490.png,0,0,0
-1,frame002491.png,0,0,0
-1,frame002492.png,0,0,0
-1,frame002493.png,0,0,0
-1,frame002494.png,0,0,0
-1,frame002495.png,0,0,0
-1,frame002496.png,0,0,0
-1,frame002497.png,0,0,0
-1,frame002498.png,0,0,0
-1,frame002499.png,0,0,0
-1,frame002500.png,0,0,0
-1,frame002501.png,0,0,0
-1,frame002502.png,0,0,0
-1,frame002503.png,0,0,0
-1,frame002504.png,0,0,0
-1,frame002505.png,0,0,0
-1,frame002506.png,0,0,0
-1,frame002507.png,0,0,0
-1,frame002508.png,0,0,0
-1,frame002509.png,0,0,0
-1,frame002510.png,0,0,0
-1,frame002511.png,0,0,0
-1,frame002512.png,0,0,0
-1,frame002513.png,0,0,0
-1,frame002514.png,0,0,0
-1,frame002515.png,0,0,0
-1,frame002516.png,0,0,0
-1,frame002517.png,0,0,0
-1,frame002518.png,0,0,0
-1,frame002519.png,0,0,0
-1,frame002520.png,0,0,0
-1,frame002521.png,0,0,0
-1,frame002522.png,0,0,0
-1,frame002523.png,0,0,0
-1,frame002524.png,0,0,0
-1,frame002525.png,0,0,0
-1,frame002526.png,0,0,0
-1,frame002527.png,0,0,0
-1,frame002528.png,0,0,0
-1,frame002529.png,0,0,0
-1,frame002530.png,0,0,0
-1,frame002531.png,0,0,0
-1,frame002532.png,0,0,0
-1,frame002533.png,0,0,0
-1,frame002534.png,0,0,0
-1,frame002535.png,0,0,0
-1,frame002536.png,0,0,0
-1,frame002537.png,0,0,0
-1,frame002538.png,0,0,0
-1,frame002539.png,0,0,0
-1,frame002540.png,0,0,0
-1,frame002541.png,0,0,0
-1,frame002542.png,0,0,0
-1,frame002543.png,0,0,0
-1,frame002544.png,0,0,0
-1,frame002545.png,0,0,0
-1,frame002546.png,0,0,0
-1,frame002547.png,0,0,0
-1,frame002548.png,0,0,0
-1,frame002549.png,0,0,0
-1,frame002550.png,0,0,0
-1,frame002551.png,0,0,0
-1,frame002552.png,0,0,0
-1,frame002553.png,0,0,0
-1,frame002554.png,0,0,0
-1,frame002555.png,0,0,0
-1,frame002556.png,0,0,0
-1,frame002557.png,0,0,0
-1,frame002558.png,0,0,0
-1,frame002559.png,0,0,0
-1,frame002560.png,0,0,0
-1,frame002561.png,0,0,0
-1,frame002562.png,0,0,0
-1,frame002563.png,0,0,0
-1,frame002564.png,0,0,0
-1,frame002565.png,0,0,0
-1,frame002566.png,0,0,0
-1,frame002567.png,0,0,0
-1,frame002568.png,0,0,0
-1,frame002569.png,0,0,0
-1,frame002570.png,0,0,0
-1,frame002571.png,0,0,0
-1,frame002572.png,0,0,0
-1,frame002573.png,0,0,0
-1,frame002574.png,0,0,0
-1,frame002575.png,0,0,0
-1,frame002576.png,0,0,0
-1,frame002577.png,0,0,0
-1,frame002578.png,0,0,0
-1,frame002579.png,0,0,0
-1,frame002580.png,0,0,0
-1,frame002581.png,0,0,0
-1,frame002582.png,0,0,0
-1,frame002583.png,0,0,0
-1,frame002584.png,0,0,0
-1,frame002585.png,0,0,0
-1,frame002586.png,0,0,0
-1,frame002587.png,0,0,0
-1,frame002588.png,0,0,0
-1,frame002589.png,0,0,0
-1,frame002590.png,0,0,0
-1,frame002591.png,0,0,0
-1,frame002592.png,0,0,0
-1,frame002593.png,0,0,0
-1,frame002594.png,0,0,0
-1,frame002595.png,0,0,0
-1,frame002596.png,0,0,0
-1,frame002597.png,0,0,0
-1,frame002598.png,0,0,0
-1,frame002599.png,0,0,0
-1,frame002600.png,0,0,0
-1,frame002601.png,0,0,0
-1,frame002602.png,0,0,0
-1,frame002603.png,0,0,0
-1,frame002604.png,0,0,0
-1,frame002605.png,0,0,0
-1,frame002606.png,0,0,0
-1,frame002607.png,0,0,0
-1,frame002608.png,0,0,0
-1,frame002609.png,0,0,0
-1,frame002610.png,0,0,0
-1,frame002611.png,0,0,0
3,frame002612.png,308,437,-1.8696299977719786
1,frame002613.png,287,329,1.1995689272984051
3,frame002614.png,315,352,-2.2007285697562287
3,frame002615.png,313,360,-1.961347759204987
3,frame002616.png,313,340,-2.0311591952157584
3,frame002617.png,319,317,-2.1020933459745503
3,frame002618.png,316,302,-2.1035954675489306
3,frame002619.png,319,297,-2.0990390132602808
3,frame002620.png,316,274,-2.120101232985059
3,frame002621.png,318,268,-2.111204357104557
3,frame002622.png,315,247,-2.130879548963013
3,frame002623.png,317,241,-2.13889992921444
3,frame002624.png,313,224,-2.1216935019445073
3,frame002625.png,313,210,-2.132061236198688
3,frame002626.png,311,200,-2.1349008523061976
3,frame002627.png,308,195,-2.1259160766619005
3,frame002628.png,307,189,-2.150096749875637
3,frame002629.png,304,188,-2.1216331112397295
3,frame002630.png,304,184,-2.1496228276811227
0,frame002631.png,473,231,1.8122356108430313
3,frame002632.png,302,187,-2.131058439425397
3,frame002633.png,300,190,-2.124598198615132
3,frame002634.png,300,195,-2.141484576105949
3,frame002635.png,299,202,-2.115737627552417
3,frame002636.png,300,211,-2.1076218668159465
3,frame002637.png,300,217,-2.1170812948814888
3,frame002638.png,300,223,-2.108085519528843
3,frame002639.png,299,227,-2.105952590273456
3,frame002640.png,300,234,-2.1146389893505706
3,frame002641.png,298,247,-2.071832162080211
3,frame002642.png,297,252,-2.0772154297346805
3,frame002643.png,298,255,-2.083174987035085
3,frame002644.png,297,259,-2.0802169939711055
3,frame002645.png,297,262,-2.0738138866599694
3,frame002646.png,297,269,-2.056593766406653
3,frame002647.png,302,276,-2.0656462414203998
3,frame002648.png,303,283,-2.0480562505083815
3,frame002649.png,304,285,-2.04066784555246
3,frame002650.png,304,285,-2.0352550141288313
3,frame002651.png,303,285,-2.0283243850212243
3,frame002652.png,305,280,-2.0717069588355517
3,frame002653.png,307,279,-2.0603102241068476
3,frame002654.png,306,276,-2.065187022092956
3,frame002655.png,307,275,-2.0506639992307036
3,frame002656.png,306,269,-2.0438180778530937
3,frame002657.png,310,263,-2.041834564739782
3,frame002658.png,309,258,-2.0554692803363537
3,frame002659.png,313,250,-2.043824643193949
3,frame002660.png,311,240,-2.04982120545068
3,frame002661.png,313,237,-2.0516857706940033
-1,frame002662.png,0,0,0
3,frame002663.png,312,206,-2.059568586730798
3,frame002664.png,313,189,-2.048541632980014
0,frame002665.png,537,310,1.3135243900459326
3,frame002666.png,314,155,-2.0779681491499393
3,frame002667.png,312,142,-2.0722810829618457
3,frame002668.png,315,122,-2.100455304385601
3,frame002669.png,312,97,-2.1030810800106363
0,frame002670.png,541,126,2.9452601081727265
3,frame002671.png,314,64,-2.1338009191990817
3,frame002672.png,315,50,-2.092264457143082
3,frame002673.png,315,49,-1.9832466601146084
0,frame002674.png,454,35,-2.618448124338704
3,frame002675.png,315,30,-1.9373794360203265
3,frame002676.png,320,-7,-2.1560850690634035
3,frame002677.png,380,-1080,-2.9500501111588835
-1,frame002678.png,0,0,0
-1,frame002679.png,0,0,0
-1,frame002680.png,0,0,0
-1,frame002681.png,0,0,0
-1,frame002682.png,0,0,0
-1,frame002683.png,0,0,0
-1,frame002684.png,0,0,0
-1,frame002685.png,0,0,0
-1,frame002686.png,0,0,0
-1,frame002687.png,0,0,0
-1,frame002688.png,0,0,0
-1,frame002689.png,0,0,0
-1,frame002690.png,0,0,0
-1,frame002691.png,0,0,0
-1,frame002692.png,0,0,0
-1,frame002693.png,0,0,0
1,frame002694.png,12,45,-2.3687054880097467
3,frame002695.png,302,17,-1.8025049711497174
3,frame002696.png,299,23,-1.7698667580221823
0,frame002697.png,776,10,1.973346641759979
3,frame002698.png,300,28,-1.6797127068205786
0,frame002699.png,254,22,1.5778663893384024
-1,frame002700.png,0,0,0
3,frame002701.png,644,-2977,-2.80730798437424
-1,frame002702.png,0,0,0
2,frame002703.png,395,47,-2.4139546894926323
-1,frame002704.png,0,0,0
-1,frame002705.png,0,0,0
-1,frame002706.png,0,0,0
-1,frame002707.png,0,0,0
-1,frame002708.png,0,0,0
-1,frame002709.png,0,0,0
-1,frame002710.png,0,0,0
-1,frame002711.png,0,0,0
-1,frame002712.png,0,0,0
-1,frame002713.png,0,0,0
-1,frame002714.png,0,0,0
-1,frame002715.png,0,0,0
-1,frame002716.png,0,0,0
-1,frame002717.png,0,0,0
-1,frame002718.png,0,0,0
-1,frame002719.png,0,0,0
-1,frame002720.png,0,0,0
-1,frame002721.png,0,0,0
-1,frame002722.png,0,0,0
-1,frame002723.png,0,0,0
-1,frame002724.png,0,0,0
-1,frame002725.png,0,0,0
-1,frame002726.png,0,0,0
-1,frame002727.png,0,0,0
-1,frame002728.png,0,0,0
-1,frame002729.png,0,0,0
-1,frame002730.png,0,0,0
-1,frame002731.png,0,0,0
-1,frame002732.png,0,0,0
-1,frame002733.png,0,0,0
-1,frame002734.png,0,0,0
-1,frame002735.png,0,0,0
-1,frame002736.png,0,0,0
-1,frame002737.png,0,0,0
-1,frame002738.png,0,0,0
-1,frame002739.png,0,0,0
-1,frame002740.png,0,0,0
-1,frame002741.png,0,0,0
-1,frame002742.png,0,0,0
-1,frame002743.png,0,0,0
-1,frame002744.png,0,0,0
-1,frame002745.png,0,0,0
-1,frame002746.png,0,0,0
-1,frame002747.png,0,0,0
-1,frame002748.png,0,0,0
-1,frame002749.png,0,0,0
-1,frame002750.png,0,0,0
-1,frame002751.png,0,0,0
-1,frame002752.png,0,0,0
-1,frame002753.png,0,0,0
-1,frame002754.png,0,0,0
-1,frame002755.png,0,0,0
-1,frame002756.png,0,0,0
-1,frame002757.png,0,0,0
-1,frame002758.png,0,0,0
-1,frame002759.png,0,0,0
-1,frame002760.png,0,0,0
-1,frame002761.png,0,0,0
-1,frame002762.png,0,0,0
-1,frame002763.png,0,0,0
-1,frame002764.png,0,0,0
-1,frame002765.png,0,0,0
-1,frame002766.png,0,0,0
-1,frame002767.png,0,0,0
-1,frame002768.png,0,0,0
-1,frame002769.png,0,0,0
-1,frame002770.png,0,0,0
-1,frame002771.png,0,0,0
-1,frame002772.png,0,0,0
-1,frame002773.png,0,0,0
-1,frame002774.png,0,0,0
-1,frame002775.png,0,0,0
-1,frame002776.png,0,0,0
-1,frame002777.png,0,0,0
-1,frame002778.png,0,0,0
-1,frame002779.png,0,0,0
-1,frame002780.png,0,0,0
-1,frame002781.png,0,0,0
-1,frame002782.png,0,0,0
-1,frame002783.png,0,0,0
-1,frame002784.png,0,0,0
-1,frame002785.png,0,0,0
-1,frame002786.png,0,0,0
-1,frame002787.png,0,0,0
-1,frame002788.png,0,0,0
-1,frame002789.png,0,0,0
-1,frame002790.png,0,0,0
-1,frame002791.png,0,0,0
-1,frame002792.png,0,0,0
-1,frame002793.png,0,0,0
-1,frame002794.png,0,0,0
-1,frame002795.png,0,0,0
-1,frame002796.png,0,0,0
-1,frame002797.png,0,0,0
-1,frame002798.png,0,0,0
-1,frame002799.png,0,0,0
-1,frame002800.png,0,0,0
-1,frame002801.png,0,0,0
-1,frame002802.png,0,0,0
-1,frame002803.png,0,0,0
-1,frame002804.png,0,0,0
-1,frame002805.png,0,0,0
-1,frame002806.png,0,0,0
-1,frame002807.png,0,0,0
-1,frame002808.png,0,0,0
-1,frame002809.png,0,0,0
-1,frame002810.png,0,0,0
-1,frame002811.png,0,0,0
-1,frame002812.png,0,0,0
-1,frame002813.png,0,0,0
-1,frame002814.png,0,0,0
-1,frame002815.png,0,0,0
-1,frame002816.png,0,0,0
-1,frame002817.png,0,0,0
-1,frame002818.png,0,0,0
-1,frame002819.png,0,0,0
-1,frame002820.png,0,0,0
-1,frame002821.png,0,0,0
-1,frame002822.png,0,0,0
-1,frame002823.png,0,0,0
-1,frame002824.png,0,0,0
-1,frame002825.png,0,0,0
-1,frame002826.png,0,0,0
-1,frame002827.png,0,0,0
-1,frame002828.png,0,0,0
-1,frame002829.png,0,0,0
-1,frame002830.png,0,0,0
-1,frame002831.png,0,0,0
-1,frame002832.png,0,0,0
-1,frame002833.png,0,0,0
-1,frame002834.png,0,0,0
-1,frame002835.png,0,0,0
-1,frame002836.png,0,0,0
-1,frame002837.png,0,0,0
-1,frame002838.png,0,0,0
-1,frame002839.png,0,0,0
-1,frame002840.png,0,0,0
-1,frame002841.png,0,0,0
-1,frame002842.png,0,0,0
-1,frame002843.png,0,0,0
-1,frame002844.png,0,0,0
-1,frame002845.png,0,0,0
-1,frame002846.png,0,0,0
-1,frame002847.png,0,0,0
-1,frame002848.png,0,0,0
-1,frame002849.png,0,0,0
-1,frame002850.png,0,0,0
-1,frame002851.png,0,0,0
-1,frame002852.png,0,0,0
-1,frame002853.png,0,0,0
-1,frame002854.png,0,0,0
-1,frame002855.png,0,0,0
-1,frame002856.png,0,0,0
-1,frame002857.png,0,0,0
-1,frame002858.png,0,0,0
-1,frame002859.png,0,0,0
-1,frame002860.png,0,0,0
-1,frame002861.png,0,0,0
-1,frame002862.png,0,0,0
-1,frame002863.png,0,0,0
-1,frame002864.png,0,0,0
-1,frame002865.png,0,0,0
-1,frame002866.png,0,0,0
-1,frame002867.png,0,0,0
-1,frame002868.png,0,0,0
-1,frame002869.png,0,0,0
-1,frame002870.png,0,0,0
-1,frame002871.png,0,0,0
-1,frame002872.png,0,0,0
-1,frame002873.png,0,0,0
-1,frame002874.png,0,0,0
-1,frame002875.png,0,0,0
-1,frame002876.png,0,0,0
-1,frame002877.png,0,0,0
-1,frame002878.png,0,0,0
-1,frame002879.png,0,0,0
-1,frame002880.png,0,0,0
-1,frame002881.png,0,0,0
-1,frame002882.png,0,0,0
-1,frame002883.png,0,0,0
-1,frame002884.png,0,0,0
-1,frame002885.png,0,0,0
-1,frame002886.png,0,0,0
-1,frame002887.png,0,0,0
-1,frame002888.png,0,0,0
-1,frame002889.png,0,0,0
-1,frame002890.png,0,0,0
-1,frame002891.png,0,0,0
-1,frame002892.png,0,0,0
-1,frame002893.png,0,0,0
-1,frame002894.png,0,0,0
-1,frame002895.png,0,0,0
-1,frame002896.png,0,0,0
-1,frame002897.png,0,0,0
-1,frame002898.png,0,0,0
-1,frame002899.png,0,0,0
-1,frame002900.png,0,0,0
-1,frame002901.png,0,0,0
-1,frame002902.png,0,0,0
-1,frame002903.png,0,0,0
-1,frame002904.png,0,0,0
-1,frame002905.png,0,0,0
-1,frame002906.png,0,0,0
-1,frame002907.png,0,0,0
-1,frame002908.png,0,0,0
-1,frame002909.png,0,0,0
-1,frame002910.png,0,0,0
-1,frame002911.png,0,0,0
-1,frame002912.png,0,0,0
-1,frame002913.png,0,0,0
-1,frame002914.png,0,0,0
-1,frame002915.png,0,0,0
-1,frame002916.png,0,0,0
-1,frame002917.png,0,0,0
-1,frame002918.png,0,0,0
-1,frame002919.png,0,0,0
-1,frame002920.png,0,0,0
-1,frame002921.png,0,0,0
-1,frame002922.png,0,0,0
-1,frame002923.png,0,0,0
-1,frame002924.png,0,0,0
-1,frame002925.png,0,0,0
-1,frame002926.png,0,0,0
-1,frame002927.png,0,0,0
-1,frame002928.png,0,0,0
0,frame002929.png,-2,163,1.3329837411644379
0,frame002930.png,15,154,1.3382274769301217
0,frame002931.png,30,149,1.3310886840685088
0,frame002932.png,46,140,1.3212414866895341
0,frame002933.png,43,151,1.340277649923186
0,frame002934.png,53,135,1.3227412306412405
0,frame002935.png,52,130,1.322468452398954
0,frame002936.png,57,121,1.3072340739139474
0,frame002937.png,54,120,1.3223588080407263
0,frame002938.png,54,105,1.2928095413309861
0,frame002939.png,55,94,1.2891253822861182
0,frame002940.png,47,89,1.2905596320370738
0,frame002941.png,47,77,1.2739880865296125
0,frame002942.png,37,86,1.2967587866544712
0,frame002943.png,26,77,1.2901174911374873
0,frame002944.png,12,77,1.3035019880852279
0,frame002945.png,2,69,1.2916909352872639
0,frame002946.png,-7,59,1.2845663473858702
-1,frame002947.png,0,0,0
0,frame002948.png,-73,112,1.3705351206314058
-1,frame002949.png,0,0,0
-1,frame002950.png,0,0,0
-1,frame002951.png,0,0,0
-1,frame002952.png,0,0,0
-1,frame002953.png,0,0,0
-1,frame002954.png,0,0,0
-1,frame002955.png,0,0,0
-1,frame002956.png,0,0,0
-1,frame002957.png,0,0,0
-1,frame002958.png,0,0,0
-1,frame002959.png,0,0,0
-1,frame002960.png,0,0,0
-1,frame002961.png,0,0,0
-1,frame002962.png,0,0,0
-1,frame002963.png,0,0,0
-1,frame002964.png,0,0,0
0,frame002965.png,-8,4,1.1174946345031833
0,frame002966.png,-18,89,1.3047282705031384
0,frame002967.png,-10,89,1.3005134941014371
0,frame002968.png,13,98,1.3013191556049437
0,frame002969.png,17,102,1.3036576052793372
0,frame002970.png,27,107,1.314755943255106
0,frame002971.png,49,109,1.306374054083193
0,frame002972.png,64,112,1.3042285049482254
0,frame002973.png,86,115,1.297225203707762
0,frame002974.png,102,125,1.3071278039773253
0,frame002975.png,121,126,1.309604715687675
0,frame002976.png,146,136,1.3062359723116492
0,frame002977.png,156,134,1.3069946154017544
0,frame002978.png,178,143,1.3146381361276056
0,frame002979.png,186,138,1.3053834650226455
0,frame002980.png,198,146,1.313227526391472
0,frame002981.png,217,147,1.320725079031645
0,frame002982.png,229,154,1.3211549892633412
0,frame002983.png,249,154,1.3172658263753592
0,frame002984.png,265,161,1.3250640255242878
0,frame002985.png,278,165,1.3365257876948076
0,frame002986.png,284,163,1.3227902068889048
0,frame002987.png,293,166,1.3335819009081236
0,frame002988.png,297,164,1.3142437295609823
0,frame002989.png,300,163,1.314422414222153
0,frame002990.png,304,164,1.320380237606907
0,frame002991.png,308,164,1.3214010235939986
0,frame002992.png,309,163,1.3186339640670552
0,frame002993.png,309,161,1.3148278331529144
0,frame002994.png,309,163,1.3236290502078352
0,frame002995.png,308,160,1.3117780479285117
0,frame002996.png,305,158,1.3274569390997322
0,frame002997.png,304,155,1.3158593710024538
0,frame002998.png,302,151,1.2994341986612936
0,frame002999.png,299,148,1.2981485911651391
0,frame003000.png,294,143,1.3098787640509075
0,frame003001.png,289,138,1.3015976896579085
0,frame003002.png,285,133,1.3011060533832852
0,frame003003.png,282,130,1.292269751614188
0,frame003004.png,278,124,1.294414083121085
0,frame003005.png,276,117,1.2811021484422727
0,frame003006.png,273,116,1.2838576335520462
0,frame003007.png,271,109,1.2868166037464621
0,frame003008.png,265,103,1.2752043067735301
0,frame003009.png,263,97,1.2818942482062758
0,frame003010.png,263,93,1.2912224081248862
0,frame003011.png,264,90,1.2838694266092021
0,frame003012.png,265,90,1.2843779479830089
0,frame003013.png,268,88,1.2740700689907813
0,frame003014.png,270,89,1.2914194431490689
0,frame003015.png,277,82,1.2597237280108948
0,frame003016.png,284,84,1.2668309515238767
0,frame003017.png,292,85,1.266190569971621
0,frame003018.png,298,79,1.2401840734703584
0,frame003019.png,308,85,1.2647672409834108
0,frame003020.png,315,81,1.248345080882258
0,frame003021.png,328,89,1.26929806908761
0,frame003022.png,338,86,1.265044392239663
0,frame003023.png,357,93,1.273000583398858
0,frame003024.png,378,97,1.272289368559283
0,frame003025.png,389,97,1.2614869854850772
0,frame003026.png,400,98,1.27759628406654
0,frame003027.png,420,105,1.2677743229998795
0,frame003028.png,439,111,1.2852932945813649
0,frame003029.png,449,111,1.2791784173436915
0,frame003030.png,460,113,1.2856610678360927
0,frame003031.png,477,120,1.287499815717784
0,frame003032.png,485,119,1.2877138647338688
0,frame003033.png,501,127,1.3100020664662677
0,frame003034.png,509,127,1.296980067487496
0,frame003035.png,521,134,1.3042991825307126
0,frame003036.png,526,139,1.306036783458646
0,frame003037.png,531,145,1.3015305891490727
0,frame003038.png,537,148,1.3039864920993458
0,frame003039.png,543,154,1.2976046003111736
0,frame003040.png,545,158,1.3239215696051974
0,frame003041.png,547,163,1.3147853555761515
0,frame003042.png,548,164,1.3113234851767281
0,frame003043.png,547,167,1.3321249242519035
0,frame003044.png,545,168,1.323364988415025
0,frame003045.png,543,169,1.3343869382510116
0,frame003046.png,543,170,1.3208745914247104
0,frame003047.png,541,170,1.3064614245079649
0,frame003048.png,537,168,1.3336200641706573
0,frame003049.png,534,167,1.3317870975557824
0,frame003050.png,528,165,1.3505131528609615
0,frame003051.png,526,162,1.3098470690506299
0,frame003052.png,520,159,1.3185212483291884
0,frame003053.png,517,156,1.2925015646696874
0,frame003054.png,512,148,1.301607454191576
0,frame003055.png,504,143,1.3250277355817033
0,frame003056.png,500,136,1.308307028323279
0,frame003057.png,497,129,1.304156270688008
0,frame003058.png,494,124,1.314531402580377
0,frame003059.png,491,120,1.3095991331736945
0,frame003060.png,495,115,1.2789206313728347
0,frame003061.png,495,115,1.2756040945573888
0,frame003062.png,500,111,1.2766509859499617
0,frame003063.png,501,113,1.2911290383881069
0,frame003064.png,507,110,1.285253299124086
0,frame003065.png,515,112,1.2773333120667922
0,frame003066.png,525,106,1.264321492264932
0,frame003067.png,533,104,1.2624727261557087
0,frame003068.png,537,103,1.2575544386561093
0,frame003069.png,541,103,1.258138497446644
0,frame003070.png,550,101,1.270130310818257
0,frame003071.png,565,96,1.238832416064974
0,frame003072.png,580,99,1.2616368123505153
0,frame003073.png,598,100,1.242062578715052
0,frame003074.png,613,95,1.1888712908781185
0,frame003075.png,628,99,1.2684066335719537
0,frame003076.png,642,97,1.2089462064011496
0,frame003077.png,649,102,1.3056030463087072
-1,frame003078.png,0,0,0
-1,frame003079.png,0,0,0
-1,frame003080.png,0,0,0
-1,frame003081.png,0,0,0
-1,frame003082.png,0,0,0
-1,frame003083.png,0,0,0
-1,frame003084.png,0,0,0
-1,frame003085.png,0,0,0
-1,frame003086.png,0,0,0
-1,frame003087.png,0,0,0
-1,frame003088.png,0,0,0
-1,frame003089.png,0,0,0
-1,frame003090.png,0,0,0
-1,frame003091.png,0,0,0
-1,frame003092.png,0,0,0
-1,frame003093.png,0,0,0
-1,frame003094.png,0,0,0
-1,frame003095.png,0,0,0
-1,frame003096.png,0,0,0
-1,frame003097.png,0,0,0
-1,frame003098.png,0,0,0
-1,frame003099.png,0,0,0
-1,frame003100.png,0,0,0
-1,frame003101.png,0,0,0
-1,frame003102.png,0,0,0
-1,frame003103.png,0,0,0
-1,frame003104.png,0,0,0
-1,frame003105.png,0,0,0
-1,frame003106.png,0,0,0
-1,frame003107.png,0,0,0
-1,frame003108.png,0,0,0
-1,frame003109.png,0,0,0
-1,frame003110.png,0,0,0
-1,frame003111.png,0,0,0
-1,frame003112.png,0,0,0
-1,frame003113.png,0,0,0
-1,frame003114.png,0,0,0
-1,frame003115.png,0,0,0
-1,frame003116.png,0,0,0
-1,frame003117.png,0,0,0
-1,frame003118.png,0,0,0
-1,frame003119.png,0,0,0
-1,frame003120.png,0,0,0
-1,frame003121.png,0,0,0
-1,frame003122.png,0,0,0
-1,frame003123.png,0,0,0
-1,frame003124.png,0,0,0
-1,frame003125.png,0,0,0
-1,frame003126.png,0,0,0
-1,frame003127.png,0,0,0
-1,frame003128.png,0,0,0
-1,frame003129.png,0,0,0
-1,frame003130.png,0,0,0
-1,frame003131.png,0,0,0
-1,frame003132.png,0,0,0
-1,frame003133.png,0,0,0
-1,frame003134.png,0,0,0
-1,frame003135.png,0,0,0
-1,frame003136.png,0,0,0
-1,frame003137.png,0,0,0
-1,frame003138.png,0,0,0
-1,frame003139.png,0,0,0
-1,frame003140.png,0,0,0
-1,frame003141.png,0,0,0
-1,frame003142.png,0,0,0
-1,frame003143.png,0,0,0
-1,frame003144.png,0,0,0
-1,frame003145.png,0,0,0
-1,frame003146.png,0,0,0
-1,frame003147.png,0,0,0
-1,frame003148.png,0,0,0
-1,frame003149.png,0,0,0
-1,frame003150.png,0,0,0
-1,frame003151.png,0,0,0
