x,y,radius
0,0,0
0,0,0
0,0,0
0,0,0
0,0,0
0,0,0
0,0,0
0,0,0
0,0,0
0,0,0
0,0,0
0,0,0
0,0,0
0,0,0
0,0,0
0,0,0
0,0,0
0,0,0
0,0,0
0,0,0
0,0,0
0,0,0
0,0,0
0,0,0
0,0,0
0,0,0
0,0,0
0,0,0
0,0,0
0,0,0
0,0,0
0,0,0
0,0,0
0,0,0
0,0,0
0,0,0
0,0,0
0,0,0
0,0,0
0,0,0
0,0,0
0,0,0
0,0,0
0,0,0
0,0,0
0,0,0
0,0,0
0,0,0
0,0,0
0,0,0
0,0,0
0,0,0
0,0,0
0,0,0
0,0,0
0,0,0
0,0,0
0,0,0
0,0,0
0,0,0
0,0,0
0,0,0
0,0,0
0,0,0
0,0,0
0,0,0
0,0,0
0,0,0
0,0,0
0,0,0
0,0,0
0,0,0
0,0,0
0,0,0
0,0,0
0,0,0
0,0,0
0,0,0
0,0,0
0,0,0
0,0,0
0,0,0
0,0,0
0,0,0
0,0,0
0,0,0
0,0,0
0,0,0
0,0,0
0,0,0
0,0,0
0,0,0
0,0,0
0,0,0
0,0,0
0,0,0
0,0,0
0,0,0
0,0,0
0,0,0
0,0,0
0,0,0
0,0,0
0,0,0
0,0,0
0,0,0
0,0,0
0,0,0
0,0,0
0,0,0
0,0,0
0,0,0
0,0,0
0,0,0
0,0,0
0,0,0
0,0,0
0,0,0
0,0,0
0,0,0
0,0,0
0,0,0
0,0,0
0,0,0
0,0,0
0,0,0
0,0,0
0,0,0
0,0,0
0,0,0
0,0,0
0,0,0
0,0,0
0,0,0
0,0,0
0,0,0
0,0,0
0,0,0
0,0,0
0,0,0
0,0,0
0,0,0
0,0,0
0,0,0
0,0,0
0,0,0
0,0,0
0,0,0
0,0,0
0,0,0
0,0,0
0,0,0
0,0,0
0,0,0
0,0,0
0,0,0
0,0,0
0,0,0
0,0,0
0,0,0
0,0,0
0,0,0
0,0,0
0,0,0
0,0,0
0,0,0
0,0,0
0,0,0
0,0,0
0,0,0
0,0,0
0,0,0
0,0,0
0,0,0
0,0,0
0,0,0
0,0,0
0,0,0
0,0,0
0,0,0
0,0,0
0,0,0
0,0,0
0,0,0
0,0,0
0,0,0
0,0,0
0,0,0
0,0,0
0,0,0
0,0,0
0,0,0
0,0,0
0,0,0
0,0,0
0,0,0
0,0,0
0,0,0
0,0,0
0,0,0
0,0,0
0,0,0
0,0,0
0,0,0
0,0,0
0,0,0
0,0,0
0,0,0
0,0,0
0,0,0
0,0,0
0,0,0
0,0,0
0,0,0
0,0,0
0,0,0
0,0,0
0,0,0
0,0,0
0,0,0
0,0,0
0,0,0
0,0,0
0,0,0
0,0,0
0,0,0
0,0,0
0,0,0
0,0,0
0,0,0
0,0,0
0,0,0
0,0,0
0,0,0
0,0,0
0,0,0
0,0,0
0,0,0
0,0,0
0,0,0
0,0,0
0,0,0
0,0,0
0,0,0
0,0,0
0,0,0
0,0,0
0,0,0
0,0,0
0,0,0
0,0,0
0,0,0
0,0,0
0,0,0
0,0,0
0,0,0
0,0,0
0,0,0
0,0,0
0,0,0
0,0,0
0,0,0
0,0,0
0,0,0
0,0,0
0,0,0
0,0,0
0,0,0
0,0,0
0,0,0
0,0,0
0,0,0
0,0,0
0,0,0
0,0,0
0,0,0
0,0,0
0,0,0
0,0,0
0,0,0
0,0,0
0,0,0
0,0,0
0,0,0
0,0,0
0,0,0
0,0,0
0,0,0
0,0,0
197,1,12.5400362015
193,1,22.022813797
190,1,24.0469284058
0,0,0
0,0,0
0,0,0
0,0,0
0,0,0
0,0,0
0,0,0
0,0,0
0,0,0
0,0,0
100,58,24.8755435944
0,0,0
0,0,0
67,75,24.9198036194
40,95,24.9938564301
0,0,0
17,115,24.7502822876
11,124,24.8896484375
10,127,24.3781585693
9,133,24.534450531
10,135,23.6746463776
8,142,24.3699474335
8,144,23.5850524902
5,148,23.6238765717
3,148,22.7706947327
2,151,22.0908203125
110,30,14.9253997803
106,33,14.5603199005
102,34,14.8071928024
94,38,14.24010849
91,39,14.5603199005
81,43,14.430970192
75,45,14.5632305145
73,48,13.9536838531
68,50,13.4630117416
67,49,14.430970192
62,53,14.3179216385
59,55,14.8071928024
54,57,14.1143102646
53,57,13.6072015762
49,60,13.3422746658
47,61,13.8294172287
43,63,13.8388996124
40,65,13.1794204712
37,67,13.9405174255
35,69,13.0113811493
31,70,13.6417531967
29,72,13.2575521469
21,77,13.2854299545
18,78,13.9464254379
12,86,13.1764478683
7,91,11.6799860001
3,96,11.4701700211
2,97,10.8493900299
1,99,8.1395101547
0,0,0
0,0,0
0,0,0
0,0,0
0,0,0
0,0,0
0,0,0
0,0,0
0,0,0
0,0,0
0,0,0
0,0,0
0,0,0
0,0,0
0,0,0
0,0,0
0,0,0
0,0,0
0,0,0
0,0,0
0,0,0
0,0,0
0,0,0
0,0,0
0,0,0
0,0,0
0,0,0
0,0,0
0,0,0
0,0,0
0,0,0
0,0,0
0,0,0
0,0,0
0,0,0
0,0,0
0,0,0
0,0,0
0,0,0
0,0,0
0,0,0
0,0,0
0,0,0
0,0,0
584,1,18.0624904633
0,0,0
0,0,0
0,0,0
0,0,0
0,0,0
0,0,0
0,0,0
0,0,0
0,0,0
0,0,0
0,0,0
0,0,0
0,0,0
0,0,0
0,0,0
0,0,0
0,0,0
0,0,0
0,0,0
0,0,0
0,0,0
0,0,0
0,0,0
0,0,0
0,0,0
0,0,0
0,0,0
0,0,0
0,0,0
0,0,0
0,0,0
0,0,0
0,0,0
0,0,0
0,0,0
0,0,0
0,0,0
0,0,0
0,0,0
0,0,0
0,0,0
0,0,0
0,0,0
0,0,0
0,0,0
0,0,0
0,0,0
0,0,0
0,0,0
0,0,0
0,0,0
0,0,0
0,0,0
0,0,0
0,0,0
0,0,0
625,22,23.6988048553
0,0,0
0,0,0
0,0,0
0,0,0
0,0,0
0,0,0
0,0,0
0,0,0
0,0,0
0,0,0
0,0,0
55,1,8.5587215424
58,1,9.5525865555
60,1,10.5476112366
62,1,11.045460701
62,1,10.6067018509
61,1,10.0499753952
60,1,11.045460701
60,1,12.5400362015
62,2,13.6474437714
63,2,14.6373815536
64,5,15.3638792038
64,7,16.0996742249
66,12,16.4134464264
67,15,17.0428104401
65,19,16.688419342
65,21,15.7243366241
67,26,15.8966531754
68,29,15.9531564713
68,33,16.1053199768
68,35,16.145898819
69,42,15.9971084595
70,43,16.6937503815
72,49,16.0486927032
72,52,16.4768199921
72,56,16.4810123444
73,58,16.2053279877
76,62,16.5005722046
78,64,16.041185379
83,70,16.3478813171
85,73,16.1053199768
90,77,16.1177940369
92,79,16.2856082916
95,83,16.1967582703
96,85,16.0310668945
100,93,16.1375770569
102,98,15.8114881516
104,106,15.6453561783
106,110,15.9574308395
108,118,15.848944664
108,121,16.0421333313
110,128,15.8114881516
111,131,15.8990297318
113,134,15.5128879547
114,135,15.5884857178
117,140,15.7167482376
118,143,15.6912794113
119,147,15.6310482025
119,150,15.4071826935
120,154,15.4105129242
121,155,15.5401926041
121,159,15.6924552917
120,161,15.8903484344
118,162,15.5094509125
118,163,15.4337434769
117,166,15.9848556519
115,166,15.5328989029
113,167,15.6045455933
111,169,15.7465810776
109,172,15.8256931305
109,174,15.5331668854
108,178,15.6986427307
108,181,15.52546978
108,188,15.7448043823
109,191,15.57807827
109,196,15.6225795746
109,196,15.6920518875
109,197,15.4445571899
109,197,15.4558811188
111,197,15.6582212448
112,196,15.8998985291
112,195,15.232843399
112,194,15.0918445587
110,193,15.2519350052
109,193,15.1573915482
109,196,15.1929864883
109,198,15.3335027695
108,201,14.9862279892
107,201,15.0506601334
107,203,15.4267749786
106,204,15.1469545364
106,207,15.1408128738
106,209,15.1163167953
105,212,15.4081840515
105,213,15.1681137085
106,216,15.0684862137
105,217,14.9483261108
104,220,15.0260295868
104,221,14.9859437943
104,225,14.7378396988
103,226,14.6268844604
100,229,14.7549829483
98,231,14.9512548447
96,235,15.0677089691
95,238,15.5003385544
94,241,14.9383621216
94,243,14.7936162949
92,248,14.7055416107
91,250,14.6046142578
91,255,14.7055416107
91,258,14.679895401
93,263,14.6718912125
94,265,15.0749950409
95,270,14.6709709167
96,274,14.7764844894
98,282,14.7166242599
98,286,14.8781967163
100,294,14.5603199005
99,298,14.5773439407
100,305,14.6164512634
99,308,14.6651611328
98,313,14.6073570251
99,314,14.5797433853
99,320,14.4401702881
100,321,14.5912532806
99,325,14.4848709106
98,327,14.5774803162
98,331,14.430970192
97,333,14.8092575073
96,338,15.9159660339
96,339,14.6073513031
95,341,14.5063581467
95,342,14.9403114319
93,345,14.800860405
93,346,14.8085393906
92,346,15.0276918411
91,348,14.5874757767
91,351,14.3179216385
89,351,13.8294172287
89,352,13.0863523483
90,351,12.2577505112
90,352,11.5975131989
92,352,10.1119747162
91,353,7.5664730072
90,353,7.0711679459
0,0,0
0,0,0
0,0,0
630,16,9.2196445465
629,16,16.27891922
628,15,15.4030218124
627,24,24.4183292389
0,0,0
0,0,0
0,0,0
0,0,0
0,0,0
0,0,0
0,0,0
0,0,0
0,0,0
0,0,0
0,0,0
0,0,0
0,0,0
0,0,0
0,0,0
0,0,0
0,0,0
0,0,0
0,0,0
0,0,0
0,0,0
0,0,0
0,0,0
0,0,0
0,0,0
0,0,0
0,0,0
0,0,0
0,0,0
0,0,0
0,0,0
0,0,0
0,0,0
0,0,0
0,0,0
0,0,0
0,0,0
0,0,0
0,0,0
0,0,0
0,0,0
0,0,0
0,0,0
0,0,0
0,0,0
0,0,0
0,0,0
0,0,0
0,0,0
0,0,0
0,0,0
0,0,0
0,0,0
0,0,0
0,0,0
0,0,0
0,0,0
0,0,0
0,0,0
0,0,0
0,0,0
0,0,0
0,0,0
0,0,0
0,0,0
0,0,0
614,338,23.7119102478
625,346,10.6302461624
0,0,0
0,0,0
0,0,0
0,0,0
0,0,0
0,0,0
0,0,0
0,0,0
0,0,0
0,0,0
0,0,0
0,0,0
0,0,0
0,0,0
0,0,0
0,0,0
0,0,0
0,0,0
0,0,0
3,245,13.3417644501
4,247,14.7055416107
13,249,15.2174329758
19,250,14.7140388489
29,252,14.117023468
34,252,13.7973823547
43,254,14.2746095657
48,254,14.0062980652
58,255,13.8702735901
62,256,13.7296304703
70,257,13.7296304703
73,257,13.7009181976
80,259,13.8561315536
83,260,13.8080043793
88,263,13.8620061874
90,263,13.873793602
98,263,13.6971626282
103,263,13.9015388489
112,264,13.7045698166
118,265,13.9284887314
130,265,13.9339160919
140,266,13.8112230301
152,267,13.4567737579
159,268,13.46479702
170,271,13.7659797668
175,272,13.5209178925
185,275,13.3627185822
189,277,13.4644708633
196,280,13.2438020706
201,282,13.2175302505
209,288,13.4324474335
214,292,13.4537239075
222,297,13.2935218811
225,300,13.4895019531
232,305,13.2335357666
235,308,13.4630117416
240,311,13.4630117416
243,312,13.3344926834
249,316,12.9808549881
251,318,13.4929056168
258,323,13.5443706512
259,325,13.2967061996
264,330,13.3184957504
266,333,13.1331481934
271,339,13.2383022308
272,342,13.2175350189
277,349,13.0001001358
279,351,12.8550605774
286,353,10.0499753952
0,0,0
0,0,0
0,0,0
0,0,0
0,0,0
0,0,0
0,0,0
0,0,0
0,0,0
0,0,0
0,0,0
0,0,0
0,0,0
0,0,0
0,0,0
0,0,0
0,0,0
0,0,0
0,0,0
0,0,0
0,0,0
0,0,0
0,0,0
0,0,0
0,0,0
0,0,0
0,0,0
0,0,0
0,0,0
0,0,0
0,0,0
0,0,0
0,0,0
0,0,0
0,0,0
0,0,0
0,0,0
0,0,0
0,0,0
0,0,0
0,0,0
0,0,0
0,0,0
0,0,0
0,0,0
0,0,0
0,0,0
0,0,0
0,0,0
0,0,0
0,0,0
0,0,0
0,0,0
0,0,0
0,0,0
0,0,0
0,0,0
0,0,0
0,0,0
0,0,0
0,0,0
0,0,0
0,0,0
629,19,11.768702507
628,19,13.0649347305
621,19,14.6475315094
618,19,14.4049701691
611,19,13.6989498138
607,17,14.3270492554
602,14,14.7055416107
600,11,14.0090255737
593,7,13.9041194916
590,7,13.5109109879
586,5,12.6614313126
584,5,13.2489700317
578,4,12.1758956909
574,2,12.2577505112
568,2,11.6727180481
566,1,10.1119747162
560,1,8.5587215424
0,0,0
0,0,0
0,0,0
0,0,0
0,0,0
0,0,0
0,0,0
0,0,0
0,0,0
0,0,0
0,0,0
0,0,0
0,0,0
510,1,7.6486291885
504,1,7.0711679459
502,1,9.1242437363
497,1,10.5476112366
498,4,10.7704296112
493,7,13.4891004562
490,10,13.8459300995
482,20,13.7634572983
480,24,13.5883750916
477,34,13.0142869949
475,39,13.3344688416
474,46,13.1641283035
473,50,13.1264562607
472,58,13.3455066681
472,63,13.6015710831
470,71,13.3250980377
470,75,13.413107872
469,85,13.117816925
469,89,13.542219162
469,97,13.1475229263
467,101,13.2285289764
467,109,13.2004785538
466,113,13.1868019104
466,120,13.209944725
465,122,12.9038610458
466,129,12.8773651123
465,132,12.903588295
465,140,12.9039621353
465,145,13.313627243
465,153,12.7516841888
468,159,12.8260889053
472,169,12.9234933853
474,174,12.6638317108
479,185,12.7781953812
480,190,12.8476171494
481,200,12.5243396759
482,206,12.7822589874
483,217,13.1079597473
485,224,12.8063488007
486,234,12.7793283463
488,240,13.2303104401
491,248,12.91472435
492,253,12.9234933853
497,263,12.8476314545
498,267,12.7874345779
504,277,12.4880990982
508,283,12.3491888046
513,293,12.549993515
8,153,13.4443664551
19,150,12.996679306
24,149,12.9811210632
33,146,12.9028234482
38,146,12.9123983383
46,146,13.2159528732
50,145,13.2144613266
56,145,13.0680990219
59,145,12.9600639343
65,146,13.1263456345
67,146,13.1762580872
72,145,13.1417198181
74,146,13.2004785538
78,146,13.3162631989
80,145,13.5293674469
84,145,13.3691244125
88,145,13.5856542587
96,146,13.5320034027
99,147,13.8407154083
110,150,13.5261611938
116,152,13.6482915878
128,155,13.1319665909
135,157,13.0982055664
147,161,13.1153497696
153,163,13.0810976028
163,169,13.418920517
167,173,13.2577438354
177,180,13.1823997498
182,183,13.0223264694
191,189,13.1287698746
196,193,13.0326309204
204,201,13.2713222504
207,206,13.3161239624
214,215,13.2854299545
217,219,13.1302204132
223,229,13.5556516647
227,235,13.4630117416
233,247,13.4630117416
235,252,13.3657827377
239,262,13.5474052429
240,265,13.478263855
241,269,13.1501455307
242,270,13.6639451981
242,273,13.5093564987
243,274,13.8902158737
243,278,13.9304151535
243,280,13.2362699509
244,283,13.5839958191
244,284,13.7977495193
245,284,13.5293674469
245,285,13.3691091537
243,288,13.3623342514
242,288,13.6015710831
239,287,13.5647039413
239,286,13.1000642776
238,284,13.4582586288
238,283,13.7391824722
237,280,13.6599407196
236,277,13.486287117
234,276,13.5394973755
233,274,13.6015710831
230,271,13.5403108597
230,269,13.3344898224
227,266,13.5228385925
227,265,13.2905015945
224,260,13.4630117416
223,259,13.2854299545
221,256,13.1848745346
219,255,13.210319519
217,252,13.2073488235
216,251,13.2854299545
214,248,13.3247842789
214,246,13.1029167175
213,244,13.1264505386
213,243,13.2804422379
211,240,13.2053003311
210,238,13.0888910294
207,235,13.214474678
206,234,13.2175350189
206,235,12.9909801483
205,235,13.0810956955
205,236,13.0694732666
205,236,12.9808549881
205,236,13.0152187347
206,235,12.8161058426
206,234,13.1305341721
206,234,13.2525243759
208,234,13.2994718552
208,233,13.3212690353
208,234,13.2004785538
207,233,13.1806659698
206,235,13.1264505386
205,235,13.2073488235
203,237,13.2394742966
203,238,13.2073431015
201,241,13.1471939087
200,243,13.3212690353
200,245,13.153046608
200,248,13.4804058075
201,250,13.4630117416
200,251,13.1349964142
200,253,13.2854299545
200,255,13.1264600754
200,259,13.2854299545
200,261,13.2129535675
198,265,13.1617927551
198,266,13.0454034805
197,270,13.4280843735
195,272,13.5694494247
192,275,13.4630117416
191,276,13.4630117416
188,277,13.5420379639
187,278,13.6250782013
186,278,13.6639451981
187,278,13.2823600769
188,277,13.4630117416
189,275,13.2900285721
193,272,13.4990634918
196,271,13.3807487488
200,267,13.382566452
202,266,13.6015710831
206,264,13.3032073975
208,263,13.2741527557
211,263,13.4757347107
212,263,13.2053003311
215,265,13.2240333557
217,266,13.3309803009
223,269,13.4630117416
225,271,13.6250782013
231,274,13.4816503525
234,276,13.6771793365
238,280,13.4567737579
242,281,13.3986282349
250,283,13.4463272095
253,283,13.4547052383
261,285,13.3758678436
263,285,13.3379306793
266,288,13.6565999985
266,291,13.5121707916
264,294,13.3344945908
263,295,13.200592041
260,299,13.6015710831
257,299,13.5093564987
253,299,13.1492929459
250,300,13.0912771225
242,299,13.0810956955
239,298,13.4750318527
235,298,13.4019641876
233,297,13.3344926834
230,294,13.3063220978
230,293,13.418920517
228,289,13.3921937943
226,285,13.2335357666
224,281,13.2854299545
223,279,12.9420890808
219,278,13.1319513321
217,278,13.0169582367
212,280,13.1776361465
205,286,13.1436882019
204,287,13.320857048
202,290,13.0626926422
201,292,12.9912347794
199,296,13.0532960892
200,298,13.2480831146
202,300,12.9728517532
203,301,12.9848146439
205,303,13.1248226166
206,304,13.0342521667
208,305,13.0600366592
208,305,13.06138134
211,309,13.124505043
213,311,12.767282486
218,316,13.209944725
220,317,13.2426509857
223,322,13.0020303726
225,323,12.797539711
229,325,12.6332025528
231,326,12.7703475952
234,329,12.779009819
235,330,12.5001001358
234,333,12.5001001358
232,335,12.6920824051
231,337,12.819560051
230,338,12.7789878845
228,339,12.5001001358
225,340,12.3491888046
224,343,12.7419776917
221,343,12.4492807388
217,344,13.147567749
216,344,12.672867775
209,345,12.955083847
204,346,12.911699295
203,347,12.8161058426
198,349,12.8219795227
198,349,12.8161058426
625,189,13.6776638031
621,190,13.8221158981
616,191,13.1249055862
613,192,13.7296304703
606,193,13.4630117416
601,193,13.0855236053
597,196,13.124505043
592,197,13.4371843338
587,202,13.0086355209
584,205,13.214468956
578,209,12.9508800507
577,213,12.6524868011
573,216,12.5480365753
572,217,13.1264600754
571,217,12.8653450012
571,217,12.8787117004
572,217,13.2488899231
573,217,13.4351291656
572,216,13.0586204529
571,217,13.313627243
566,217,12.7790079117
564,219,12.7236757278
561,221,13.0385046005
559,222,12.8476314545
557,224,13.313627243
557,225,13.0385046005
557,225,13.0123004913
558,225,12.7364835739
558,224,13.209944725
560,225,13.214468956
562,225,13.205283165
563,224,12.7874326706
566,225,12.9051008224
569,225,13.3921470642
573,226,13.0385046005
576,228,13.2967176437
578,229,13.0694713593
580,232,13.4630117416
579,234,13.2438154221
578,236,13.4630117416
574,240,13.0385046005
573,243,12.9909677505
570,248,13.2362613678
564,251,12.9235010147
553,256,13.2104301453
549,259,13.0662212372
536,262,12.6968688965
531,264,13.1264600754
521,266,13.0385046005
517,267,12.903963089
509,268,13.4630117416
505,268,12.3491888046
500,272,12.8376903534
497,274,12.4835805893
493,275,12.5121278763
492,276,12.7476491928
491,275,12.6195297241
490,272,12.8556642532
489,269,13.2004785538
489,268,13.0385046005
486,264,13.0385046005
484,262,12.7722568512
484,262,12.7673149109
483,263,12.8261146545
483,265,12.90417099
484,267,13.4630117416
484,269,13.3341665268
484,268,13.2804536819
482,268,13.3910722733
480,268,12.8195724487
476,268,13.3910722733
475,269,13.4990577698
473,272,13.2438020706
473,273,13.6015710831
472,276,13.2240190506
472,280,13.1293067932
473,286,12.505188942
473,289,13.00203228
474,294,13.0423641205
474,296,13.214468956
472,299,13.0385046005
470,302,13.2004785538
463,309,13.2817144394
458,313,13.1737985611
448,321,13.2479248047
441,324,12.779001236
425,332,13.1279010773
421,334,12.5121355057
406,339,13.1195812225
393,346,13.3184814453
378,352,12.6590890884
375,352,11.6727180481
0,0,0
0,0,0
0,0,0
0,0,0
0,0,0
0,0,0
0,0,0
0,0,0
0,0,0
0,0,0
242,353,8.0623579025
235,353,7.0711679459
0,0,0
0,0,0
0,0,0
0,0,0
0,0,0
0,0,0
272,1,10.0499753952
273,1,12.5400362015
276,4,13.6015710831
279,5,13.3861484528
283,9,14.0301923752
284,12,14.5534057617
283,19,14.0803041458
282,23,13.7791719437
276,33,13.5795679092
272,37,13.5318918228
263,47,13.6015710831
258,51,14.1225976944
250,61,13.733341217
247,66,13.6468267441
245,75,13.7296304703
245,79,13.953827858
251,81,14.0136318207
255,80,13.8303012848
264,78,13.7705917358
268,77,13.8731899261
275,78,14.4894390106
280,80,13.8397903442
286,89,14.1510715485
288,91,14.1215648651
293,101,13.7593669891
296,105,13.7714948654
300,116,13.7726640701
303,123,13.7485361099
307,132,13.9836483002
307,133,13.9464254379
308,139,14.3486242294
307,144,13.926533699
302,153,13.4630117416
299,158,14.0232715607
289,169,13.7296304703
285,175,13.5403079987
276,188,13.603679657
272,194,13.7977495193
268,207,14.0806331635
266,214,14.7182922363
262,223,14.3703718185
261,228,14.4223051071
256,235,14.3805942535
253,238,14.410695076
245,245,14.0418872833
241,248,14.5853185654
232,253,14.4223051071
227,256,14.7055416107
217,259,14.8705615997
212,259,14.4120874405
204,258,14.3669452667
0,0,0
0,0,0
0,0,0
0,0,0
0,0,0
0,0,0
0,0,0
0,0,0
0,0,0
0,0,0
0,0,0
0,0,0
0,0,0
0,0,0
0,0,0
0,0,0
0,0,0
0,0,0
0,0,0
0,0,0
0,0,0
0,0,0
0,0,0
0,0,0
0,0,0
0,0,0
0,0,0
0,0,0
0,0,0
0,0,0
0,0,0
0,0,0
0,0,0
0,0,0
0,0,0
0,0,0
0,0,0
0,0,0
0,0,0
0,0,0
0,0,0
0,0,0
0,0,0
0,0,0
0,0,0
0,0,0
0,0,0
0,0,0
0,0,0
0,0,0
0,0,0
0,0,0
0,0,0
0,0,0
0,0,0
0,0,0
0,0,0
0,0,0
0,0,0
0,0,0
0,0,0
0,0,0
0,0,0
0,0,0
0,0,0
0,0,0
0,0,0
0,0,0
0,0,0
0,0,0
0,0,0
0,0,0
0,0,0
0,0,0
0,0,0
0,0,0
0,0,0
0,0,0
0,0,0
0,0,0
0,0,0
0,0,0
0,0,0
0,0,0
0,0,0
0,0,0
0,0,0
0,0,0
0,0,0
0,0,0
0,0,0
0,0,0
0,0,0
0,0,0
0,0,0
0,0,0
0,0,0
0,0,0
0,0,0
0,0,0
0,0,0
0,0,0
0,0,0
0,0,0
0,0,0
0,0,0
0,0,0
0,0,0
0,0,0
0,0,0
0,0,0
0,0,0
0,0,0
0,0,0
0,0,0
0,0,0
0,0,0
0,0,0
0,0,0
0,0,0
0,0,0
0,0,0
0,0,0
0,0,0
0,0,0
0,0,0
0,0,0
0,0,0
0,0,0
0,0,0
0,0,0
607,196,24.8244819641
0,0,0
0,0,0
609,207,22.8528881073
0,0,0
609,216,23.162569046
0,0,0
0,0,0
0,0,0
0,0,0
0,0,0
0,0,0
0,0,0
0,0,0
0,0,0
0,0,0
0,0,0
0,0,0
0,0,0
0,0,0
0,0,0
0,0,0
0,0,0
0,0,0
0,0,0
0,0,0
0,0,0
0,0,0
0,0,0
0,0,0
0,0,0
0,0,0
0,0,0
0,0,0
0,0,0
0,0,0
0,0,0
0,0,0
0,0,0
0,0,0
0,0,0
0,0,0
0,0,0
0,0,0
0,0,0
0,0,0
0,0,0
0,0,0
0,0,0
0,0,0
0,0,0
0,0,0
0,0,0
0,0,0
0,0,0
0,0,0
0,0,0
0,0,0
0,0,0
0,0,0
0,0,0
0,0,0
0,0,0
0,0,0
0,0,0
0,0,0
0,0,0
0,0,0
0,0,0
0,0,0
0,0,0
0,0,0
0,0,0
0,0,0
0,0,0
0,0,0
0,0,0
0,0,0
0,0,0
0,0,0
0,0,0
0,0,0
0,0,0
0,0,0
531,352,9.6177921295
527,316,11.0171728134
525,304,11.1019020081
519,280,11.180439949
514,268,11.0259780884
504,248,11.1318502426
500,241,11.6071014404
492,232,12.1017713547
489,229,12.1038188934
485,226,11.9269609451
486,226,11.9269609451
489,227,11.9269609451
489,229,12.1017866135
487,240,12.5699510574
486,247,12.9864997864
486,250,12.6532707214
487,253,12.7244529724
0,0,0
0,0,0
0,0,0
0,0,0
0,0,0
0,0,0
0,0,0
0,0,0
0,0,0
0,0,0
0,0,0
0,0,0
0,0,0
0,0,0
0,0,0
0,0,0
0,0,0
0,0,0
0,0,0
0,0,0
0,0,0
0,0,0
0,0,0
524,1,10.5844173431
521,4,11.0226163864
516,7,12.8426904678
514,7,13.0270805359
512,10,13.6650943756
511,10,13.5770530701
511,10,14.0674600601
511,10,13.6650943756
509,10,13.5770530701
507,10,13.2597942352
504,12,14.1261310577
501,14,13.0810966492
497,17,14.3179216385
496,19,13.0385046005
491,25,13.2541418076
489,28,13.9284887314
485,34,13.2266845703
483,40,13.0786409378
477,49,13.0116987228
473,54,13.2320966721
469,63,13.3455495834
467,67,13.3543663025
467,81,12.9808549881
464,89,12.8161840439
460,93,12.8161058426
454,98,13.0020256042
452,101,13.0385046005
446,101,12.6778268814
444,102,12.6492109299
441,103,13.0034790039
441,105,13.0030040741
444,111,13.0583734512
445,115,12.6500396729
448,123,12.663816452
450,126,12.8964834213
452,131,12.772028923
453,133,12.8344230652
455,135,12.9808549881
456,137,12.8773508072
459,141,13.2224254608
458,141,13.0504837036
461,146,12.8653450012
462,149,12.9234962463
463,155,12.8161582947
466,160,13.0201654434
467,165,12.8476314545
469,168,12.903588295
472,173,13.0385046005
472,173,12.8689527512
475,173,12.6198949814
475,173,12.9235162735
473,172,12.8161058426
472,171,12.6211585999
471,171,12.6246833801
471,172,12.7770328522
470,173,13.0385046005
469,173,12.8949718475
469,173,12.687081337
467,172,12.5770807266
466,172,12.8710613251
465,171,12.3491888046
462,169,12.4194078445
461,170,12.5380744934
459,172,12.5312709808
458,174,12.4446792603
458,177,12.4255666733
458,180,12.6320075989
456,182,12.5591449738
455,183,12.3491888046
454,184,12.3884820938
453,184,12.5121412277
456,185,12.3893909454
457,187,12.1527318954
456,190,12.2498044968
456,192,12.2277526855
454,193,12.5756826401
454,192,12.4874458313
453,188,12.3243970871
452,185,12.3625621796
451,179,12.3554782867
450,175,12.4920902252
447,165,12.284403801
447,163,12.57949543
442,158,12.5409326553
440,155,12.0934867859
439,151,12.2066555023
439,149,12.198012352
444,144,12.032283783
447,141,12.20291996
458,138,12.5001001358
464,136,12.2912034988
478,136,12.3491888046
485,137,12.9095020294
496,138,12.3491888046
501,141,12.8161058426
0,0,0
0,0,0
0,0,0
0,0,0
0,0,0
0,0,0
0,0,0
0,0,0
0,0,0
0,0,0
0,0,0
0,0,0
0,0,0
0,0,0
0,0,0
0,0,0
0,0,0
0,0,0
0,0,0
0,0,0
0,0,0
0,0,0
0,0,0
0,0,0
0,0,0
0,0,0
0,0,0
0,0,0
0,0,0
0,0,0
0,0,0
0,0,0
0,0,0
0,0,0
0,0,0
0,0,0
0,0,0
0,0,0
466,139,11.5021562576
464,138,11.4416055679
458,139,11.1149787903
452,140,11.23620224
448,141,11.5516147614
444,141,12.1656255722
442,139,11.3358840942
440,139,11.2768554688
439,139,11.3337497711
439,140,11.4325351715
440,141,11.3829803467
443,143,11.2988710403
444,144,11.26541996
444,147,11.5176048279
443,146,11.3594608307
440,144,11.4622440338
437,142,11.1329460144
432,138,10.8167543411
429,134,11.5109643936
425,129,11.6071014404
424,126,10.8167543411
424,119,11.4081249237
424,115,11.1346988678
425,107,10.9616765976
426,104,11.23620224
428,98,11.4940605164
429,95,11.1339616776
436,90,11.8849639893
438,87,11.0304899216
442,84,11.5554170609
442,83,11.180439949
439,78,11.1956443787
439,77,12.0209150314
443,72,11.4387712479
446,71,11.3358840942
452,71,11.414481163
455,72,11.598654747
0,0,0
0,0,0
0,0,0
0,0,0
0,0,0
0,0,0
0,0,0
0,0,0
458,71,11.9405994415
449,76,11.4237594604
446,78,11.4779052734
441,82,11.5723896027
440,85,12.0322704315
436,89,11.7047996521
434,90,11.929810524
427,92,11.905503273
424,94,11.489733696
414,99,11.5126609802
408,103,11.5938224792
398,106,11.4187393188
392,108,11.7307844162
387,114,11.7082395554
386,116,11.8897094727
388,121,11.7801027298
391,123,11.6798267365
398,126,11.5867366791
401,126,11.5109643936
405,127,11.6620035172
404,126,11.824473381
403,126,12.3801498413
403,126,11.5972099304
404,131,11.8556585312
405,134,11.4241018295
408,140,11.4592084885
409,140,12.1017713547
412,137,11.9845170975
415,135,12.0186071396
419,131,11.7024326324
420,128,11.739358902
424,121,12.0309267044
429,118,11.9529867172
436,110,11.9938554764
439,106,11.9118442535
445,103,12.1445379257
449,104,11.9269609451
458,103,11.477850914
463,103,11.5595712662
475,104,12.1482095718
0,0,0
0,0,0
0,0,0
0,0,0
0,0,0
0,0,0
0,0,0
0,0,0
0,0,0
0,0,0
0,0,0
0,0,0
0,0,0
0,0,0
0,0,0
0,0,0
0,0,0
486,174,11.7208528519
484,175,11.8016328812
480,178,11.5109643936
480,180,11.8450288773
479,185,11.85551548
478,188,11.7388124466
478,191,11.684129715
478,195,11.9269609451
480,199,11.7287406921
479,201,12.2615690231
476,206,12.3498563766
475,208,12.1067228317
470,212,12.2498092651
470,216,11.9337282181
466,223,11.8634386063
465,226,11.5255422592
468,231,12.0934867859
471,232,12.2066555023
478,232,12.0990457535
482,232,12.1874313354
491,233,12.2623739243
494,235,12.3491888046
497,239,12.1052017212
497,240,12.7790079117
497,245,12.2297525406
498,247,12.3705387115
503,251,12.3491888046
504,252,12.4289216995
506,256,12.3836727142
505,263,12.2284498215
504,264,12.3491888046
504,273,12.4299077988
503,276,11.9515256882
505,286,11.8005237579
506,289,12.1872911453
509,299,12.1679029465
509,303,11.9456148148
509,310,12.2150344849
509,315,12.3491888046
510,325,12.505188942
509,329,12.0990457535
89,7,13.1668844223
90,11,13.1794195175
92,19,12.7957544327
94,23,12.8687105179
96,29,12.6009311676
96,31,12.6723403931
94,31,12.948764801
94,31,12.8731365204
92,31,12.8605289459
91,31,12.9144582748
90,32,13.2700233459
89,33,13.2383022308
87,32,12.8242740631
85,32,12.9315605164
79,34,12.9838237762
78,34,13.40072155
73,37,13.0665340424
71,42,13.7095775604
70,53,13.4360837936
71,59,13.2733745575
78,73,13.5560865402
82,78,13.5280656815
86,83,13.4630117416
86,84,13.6198139191
89,87,13.6116266251
90,89,13.6693954468
94,94,13.551782608
98,98,13.5171127319
107,104,13.4630117416
111,107,13.7296304703
123,113,13.6499814987
0,0,0
0,0,0
0,0,0
0,0,0
0,0,0
0,0,0
0,0,0
0,0,0
0,0,0
0,0,0
0,0,0
0,0,0
0,0,0
0,0,0
0,0,0
0,0,0
0,0,0
0,0,0
0,0,0
0,0,0
0,0,0
0,0,0
0,0,0
0,0,0
0,0,0
0,0,0
0,0,0
0,0,0
0,0,0
0,0,0
0,0,0
0,0,0
0,0,0
0,0,0
0,0,0
0,0,0
0,0,0
0,0,0
0,0,0
0,0,0
0,0,0
0,0,0
0,0,0
0,0,0
0,0,0
0,0,0
0,0,0
621,340,17.1027297974
627,347,8.6024255753
0,0,0
0,0,0
0,0,0
0,0,0
0,0,0
1,292,9.1242437363
1,305,11.5975131989
2,312,12.1656255722
4,324,12.8161058426
6,331,11.6841068268
7,344,12.2315092087
10,348,11.6824274063
0,0,0
0,0,0
364,1,12.0416946411
363,5,12.8204402924
360,14,12.6987724304
357,18,12.2498083115
351,26,12.4935569763
348,29,12.6182126999
341,34,12.6332092285
340,36,12.6666297913
340,37,12.7839765549
340,38,12.1012477875
342,41,12.6901073456
343,42,12.7028999329
342,45,12.893163681
339,45,12.6882038116
334,45,12.6751203537
330,46,12.6575365067
320,49,12.7476491928
314,51,12.4837627411
299,58,12.7073726654
296,60,12.6638288498
283,64,12.4812068939
277,66,12.4755115509
266,71,12.3499212265
260,74,12.5721235275
249,81,12.8746700287
244,85,12.529753685
234,94,12.2727270126
231,98,12.4251842499
224,105,12.8553066254
220,108,12.4249095917
216,111,12.2706508636
214,112,12.3625707626
213,110,12.5511846542
213,109,12.9808549881
215,109,12.991235733
216,109,12.9829587936
220,109,12.8117599487
220,109,12.8653373718
217,105,12.9327106476
216,103,12.6505784988
212,101,12.7154159546
212,101,12.8081741333
210,102,12.3447217941
209,103,12.4498472214
206,106,12.6068344116
204,108,12.6195297241
197,111,12.5328826904
194,112,12.5186786652
184,114,12.5427455902
179,115,12.8115816116
168,118,12.8763504028
163,121,13.0897569656
153,127,12.903588295
149,130,12.9006080627
141,131,12.8208503723
139,131,12.8002157211
135,129,12.8551168442
135,126,12.5699644089
0,0,0
0,0,0
0,0,0
0,0,0
0,0,0
0,0,0
0,0,0
0,0,0
0,0,0
0,0,0
0,0,0
0,0,0
0,0,0
0,0,0
0,0,0
0,0,0
0,0,0
0,0,0
131,114,12.9375019073
132,116,13.1518592834
133,115,13.3084001541
135,117,13.2245635986
138,120,13.0205459595
142,126,13.6474437714
141,125,13.1193523407
144,127,13.3532028198
144,127,13.7711191177
144,125,13.6056842804
144,124,13.5138158798
141,122,13.6652479172
139,120,13.5113105774
134,116,13.6015710831
131,113,13.5712146759
128,110,13.6866569519
127,110,13.473780632
124,109,14.023276329
121,108,13.6940364838
117,108,13.7776327133
115,109,13.7390432358
109,108,14.430970192
106,107,14.2583847046
102,109,13.6856689453
101,109,14.0160808563
101,107,13.9284887314
100,105,14.0298547745
103,99,14.3562364578
105,98,14.3366622925
112,93,13.9764547348
115,90,14.0322532654
125,85,13.896241188
131,83,14.2303495407
140,77,14.0201749802
143,75,13.6981878281
151,72,14.3183584213
155,72,14.3179216385
160,71,14.0228099823
162,71,13.9846324921
178,70,13.9846372604
180,69,14.115694046
190,69,13.7643108368
195,68,13.9464254379
204,65,13.486287117
209,64,13.8388957977
219,61,13.2484741211
223,60,13.4466581345
231,57,13.3573188782
235,56,13.6015710831
241,54,13.1867952347
242,54,13.4447717667
249,57,13.27921772
252,58,13.0699081421
259,59,13.6491947174
264,60,13.3551034927
271,61,13.2266845703
274,62,13.2513694763
282,64,13.1658706665
286,65,13.2358016968
296,65,13.0129899979
301,65,13.1349964142
312,67,13.1617889404
319,69,13.0290203094
331,71,13.1742630005
338,73,13.2757720947
350,73,13.257352829
357,73,13.0848379135
367,75,13.1740894318
371,77,13.3032073975
376,81,13.3168258667
378,82,12.9861097336
380,86,13.2359809875
381,87,12.826089859
380,90,13.1794099808
380,90,12.9234857559
378,91,12.5817461014
376,89,12.8161935806
375,86,12.8355607986
374,85,12.7789926529
374,84,13.0489730835
373,82,12.595867157
375,79,12.7744617462
376,78,12.6532535553
378,73,12.7516794205
378,71,13.1292514801
378,69,12.3491888046
377,69,13.1653079987
377,68,12.8236713409
375,65,12.6741132736
374,64,12.8770723343
373,61,12.7362384796
372,61,12.8552923203
372,61,12.8605289459
371,61,12.8689527512
371,61,13.2112770081
371,60,12.915058136
371,58,12.7949256897
370,58,12.8996658325
369,57,13.224029541
369,57,13.0020294189
367,54,12.5721216202
367,54,12.9123973846
368,53,12.8170566559
369,53,12.3945474625
371,54,12.6179428101
372,54,12.6787223816
374,55,12.7110185623
374,56,12.5057535172
374,55,12.3694171906
372,54,12.4738578796
372,52,12.4653739929
373,51,12.5305233002
376,49,12.9956064224
378,47,12.6492109299
379,42,12.6464605331
381,41,13.0626993179
383,38,12.7585430145
385,35,12.7513418198
388,30,12.9229326248
389,29,13.0207071304
390,24,12.6572704315
391,22,12.8584976196
394,16,12.6109638214
396,13,12.9808549881
400,6,12.9909696579
402,3,12.6179447174
404,1,11.045460701
404,1,7.5664730072
0,0,0
0,0,0
0,0,0
16,353,7.5664730072
13,352,12.5897789001
12,349,13.2854299545
10,345,13.8294172287
9,343,14.2239742279
9,337,13.7490186691
9,334,13.5116376877
10,330,13.6991691589
10,330,13.5321884155
8,327,13.6338806152
9,325,13.9376678467
10,325,14.2794961929
11,325,13.9015388489
12,326,13.8943471909
12,327,14.1261310577
17,329,14.0136394501
18,330,13.5483503342
21,332,13.5497913361
23,332,13.7571382523
27,335,13.5602464676
29,337,13.5407972336
33,340,14.3182992935
37,340,13.3212804794
44,341,13.9110221863
48,342,13.0453901291
54,342,13.6070213318
57,342,13.4259986877
63,342,13.7296304703
65,343,13.313627243
71,344,13.2849969864
74,345,13.8294172287
80,344,13.1056680679
83,344,13.1056680679
90,345,13.1586437225
93,346,13.2668685913
96,346,13.3187999725
98,346,13.2362670898
100,347,13.4087839127
102,347,13.4314537048
105,348,13.2632875443
107,347,13.5123806
113,345,12.9980306625
117,343,13.1508874893
118,343,13.2009716034
118,343,13.3573055267
117,343,13.3204650879
117,343,13.534081459
115,344,13.0910902023
114,348,12.9051151276
114,348,12.9712219238
114,349,12.8161058426
114,351,12.8550605774
115,350,12.6492109299
116,350,12.5094718933
116,350,12.6179428101
117,350,13.0649347305
117,351,12.7883787155
117,352,12.6590890884
117,352,12.1656255722
117,352,12.0934867859
117,352,11.1019020081
116,353,10.5476112366
116,353,10.0499753952
115,352,8.1395101547
0,0,0
0,0,0
0,0,0
0,0,0
0,0,0
0,0,0
0,0,0
0,0,0
0,0,0
0,0,0
0,0,0
0,0,0
0,0,0
0,0,0
0,0,0
0,0,0
0,0,0
0,0,0
0,0,0
0,0,0
0,0,0
0,0,0
0,0,0
0,0,0
0,0,0
0,0,0
0,0,0
0,0,0
410,1,8.1395101547
407,1,7.5664730072
0,0,0
405,1,8.0623579025
0,0,0
0,0,0
0,0,0
0,0,0
0,0,0
0,0,0
0,0,0
0,0,0
0,0,0
0,0,0
0,0,0
0,0,0
0,0,0
0,0,0
0,0,0
0,0,0
0,0,0
0,0,0
0,0,0
0,0,0
0,0,0
0,0,0
0,0,0
0,0,0
0,0,0
0,0,0
0,0,0
0,0,0
0,0,0
0,0,0
0,0,0
0,0,0
0,0,0
0,0,0
0,0,0
0,0,0
0,0,0
0,0,0
0,0,0
0,0,0
0,0,0
0,0,0
0,0,0
0,0,0
307,1,8.1395101547
306,1,10.1119747162
301,2,12.2577505112
300,2,12.3330068588
296,4,13.402007103
295,5,13.5471143723
290,5,13.2632751465
288,5,13.0504837036
283,3,12.9617776871
280,3,12.9808549881
274,2,12.1656255722
271,1,11.5434961319
266,1,9.5525865555
264,1,7.5664730072
0,0,0
0,0,0
0,0,0
0,0,0
0,0,0
0,0,0
0,0,0
0,0,0
0,0,0
0,0,0
253,1,10.6067018509
253,1,12.0934867859
254,5,12.7100324631
254,7,12.8313360214
254,12,12.8773546219
254,14,12.8390731812
254,18,12.8763313293
255,20,13.1621665955
256,22,12.773150444
257,22,12.7456216812
256,23,12.6831645966
255,23,12.8653354645
254,26,13.0385046005
253,26,12.8260955811
253,30,12.52784729
253,33,12.7756433487
254,39,12.534860611
255,42,12.6666278839
258,47,12.4664611816
259,49,12.5149307251
263,52,12.4122915268
264,52,12.566204071
268,53,12.5090055466
270,54,12.5216150284
273,57,12.8746767044
274,60,12.8550605774
277,64,12.5121412277
278,68,12.1758956909
280,72,12.3491888046
281,75,12.1758956909
280,81,12.5434303284
278,84,12.5328826904
273,88,12.5300645828
269,89,12.387055397
265,91,12.3940906525
262,91,12.3491888046
259,90,12.5817480087
257,89,12.8174877167
254,87,12.465382576
252,86,12.2539787292
250,87,12.6362724304
249,87,12.7696847916
244,90,13.0290298462
242,93,13.0385046005
237,100,12.918211937
234,103,12.5233392715
228,111,13.0263462067
225,115,12.9569711685
220,124,13.0292854309
218,126,12.8161058426
210,130,12.9478082657
206,132,12.9808549881
198,132,13.2129440308
195,132,13.0586147308
192,133,13.2854299545
193,136,13.3430566788
199,140,13.2224245071
202,141,13.2075881958
210,149,13.0866365433
215,153,13.2105493546
223,161,13.0169582367
227,165,13.331703186
237,172,12.9375019073
243,174,13.228096962
255,178,13.0001878738
262,180,12.9808549881
273,182,12.9051084518
279,184,12.8550605774
287,185,13.0277709961
293,187,12.5335817337
302,192,12.6189413071
305,193,12.9234933853
313,197,12.8556642532
318,200,12.4089250565
325,206,12.7236757278
329,208,12.6246833801
334,214,12.4452924728
337,217,12.505200386
342,221,12.7584171295
345,224,12.8063488007
348,229,12.6920824051
350,232,12.5157155991
352,238,12.5328826904
354,241,13.209944725
355,244,12.4647283554
356,247,12.6585674286
357,250,12.5167016983
358,252,12.4206924438
360,255,12.424902916
361,256,12.6413078308
365,259,13.0911483765
366,260,12.8261146545
371,263,12.7244615555
373,264,12.6246967316
376,266,12.6246967316
377,267,12.5604667664
378,271,12.7672958374
379,272,12.7185401917
381,275,12.6195297241
381,276,12.3625774384
384,280,12.7720375061
386,282,12.6195297241
390,287,12.5001001358
391,290,12.6195297241
394,295,12.3976945877
396,298,12.6492109299
397,301,12.505188942
398,303,12.6195297241
398,304,12.9055595398
399,306,12.8208646774
399,310,12.6195297241
400,312,12.7287988663
399,317,12.682888031
399,319,12.6246967316
401,337,12.6492109299
402,348,12.9861192703
401,348,12.5480241776
404,353,8.5587215424
0,0,0
0,0,0
0,0,0
0,0,0
0,0,0
0,0,0
0,0,0
0,0,0
0,0,0
0,0,0
0,0,0
0,0,0
0,0,0
0,0,0
0,0,0
0,0,0
0,0,0
0,0,0
0,0,0
0,0,0
0,0,0
0,0,0
0,0,0
0,0,0
0,0,0
0,0,0
0,0,0
0,0,0
0,0,0
0,0,0
0,0,0
0,0,0
0,0,0
0,0,0
0,0,0
0,0,0
0,0,0
0,0,0
0,0,0
0,0,0
0,0,0
0,0,0
0,0,0
0,0,0
0,0,0
0,0,0
0,0,0
0,0,0
0,0,0
0,0,0
0,0,0
0,0,0
0,0,0
0,0,0
0,0,0
0,0,0
0,0,0
0,0,0
0,0,0
0,0,0
0,0,0
0,0,0
0,0,0
0,0,0
0,0,0
0,0,0
0,0,0
0,0,0
0,0,0
0,0,0
0,0,0
0,0,0
0,0,0
0,0,0
0,0,0
0,0,0
0,0,0
0,0,0
0,0,0
0,0,0
0,0,0
0,0,0
0,0,0
0,0,0
0,0,0
0,0,0
0,0,0
0,0,0
0,0,0
0,0,0
0,0,0
0,0,0
0,0,0
0,0,0
0,0,0
0,0,0
0,0,0
0,0,0
0,0,0
0,0,0
0,0,0
0,0,0
0,0,0
0,0,0
0,0,0
0,0,0
0,0,0
0,0,0
0,0,0
0,0,0
0,0,0
0,0,0
0,0,0
0,0,0
0,0,0
0,0,0
173,1,8.0623579025
171,4,8.7633323669
171,5,9.7083444595
171,7,9.3006381989
271,1,13.0385046005
273,3,12.8550605774
275,3,12.8550605774
278,4,12.6492109299
279,4,13.2075872421
281,6,12.7419948578
281,7,12.6815004349
280,6,13.2175350189
280,5,13.206741333
278,6,12.9715204239
278,6,13.0957689285
273,6,13.1329717636
271,6,12.8550357819
268,5,13.2004785538
266,6,13.2854299545
263,7,13.7296304703
261,9,13.4630041122
256,15,12.9808549881
255,18,12.8500118256
254,22,12.7774934769
255,26,12.657538414
256,29,13.0982179642
257,33,12.836558342
258,35,12.8161058426
257,36,12.6772670746
256,38,12.9123897552
257,37,12.9582672119
259,38,12.8115606308
262,38,12.8628969193
263,37,12.8828163147
267,40,12.5873584747
267,40,12.7494277954
270,42,12.9006032944
271,41,12.591750145
274,42,12.667350769
276,42,12.6987867355
281,44,12.4546108246
283,45,12.5783729553
287,47,12.6492109299
288,50,13.0292263031
292,52,12.780875206
294,53,12.956407547
298,57,12.8355665207
301,59,12.5090007782
306,63,12.3631696701
309,65,12.991235733
315,69,13.0521850586
318,72,12.5785207748
325,76,12.787103653
327,78,12.5459356308
332,84,12.6257190704
333,86,12.6413154602
334,89,12.5351686478
335,91,12.4717578888
336,93,12.7364902496
335,94,12.7236614227
332,97,12.8445606232
330,97,12.6196479797
330,101,12.7185230255
331,102,12.6951112747
333,103,12.5052070618
336,102,12.5461750031
341,100,12.6741132736
341,100,12.903588295
342,97,13.2655897141
341,96,12.903588295
342,99,12.6638317108
341,103,12.9829854965
340,105,13.2281007767
338,111,12.8161058426
336,114,12.6195297241
334,118,13.002038002
333,120,12.9234819412
331,124,12.8238925934
330,125,13.2004785538
331,129,13.2175350189
330,129,12.7364873886
329,133,13.2912464142
329,136,12.819560051
327,141,12.822968483
328,145,13.2004785538
328,152,12.8770771027
327,154,12.9519968033
327,161,12.9779758453
327,165,13.0786581039
325,173,13.0067176819
324,177,13.2854299545
321,182,13.0020265579
318,183,12.8851613998
316,185,12.6246833801
315,186,13.2004785538
312,187,12.9322385788
311,185,12.90558815
311,184,13.0020265579
309,181,12.6579189301
308,179,13.0385046005
307,177,13.2498788834
305,177,13.2994480133
305,177,13.0694713593
303,179,12.9207201004
301,180,12.903588295
299,183,13.0127696991
297,185,12.9526758194
294,188,12.7756490707
292,189,12.9123830795
288,189,12.9550876617
287,189,13.0502786636
284,188,12.8770618439
283,189,12.7236757278
281,192,12.8851518631
278,195,12.5400362015
279,197,12.8476314545
280,198,12.9550876617
284,199,12.6195297241
287,200,12.6507072449
288,204,12.7557849884
287,204,12.8638715744
285,208,12.903588295
284,211,12.8315057755
281,216,12.5661907196
280,218,12.8827667236
278,224,12.6551790237
275,227,12.6246833801
275,230,12.8653354645
275,234,13.0020265579
275,235,12.9779758453
279,235,12.903588295
281,235,12.9712219238
285,235,12.6195297241
287,234,12.4147338867
291,232,12.5001001358
292,231,12.7808818817
295,228,13.0385046005
296,225,12.9234838486
297,222,12.5742311478
298,222,12.8063488007
300,224,12.6376247406
300,224,12.2150115967
303,229,12.672867775
303,231,12.6524839401
304,236,12.9234752655
303,238,12.9234933853
301,242,12.665810585
301,244,12.7029008865
298,247,12.6572799683
296,249,12.6504449844
292,253,12.6572799683
290,256,12.7789964676
284,261,12.5001001358
281,262,12.6376247406
277,261,12.3491888046
277,261,12.6076784134
275,259,12.5311021805
274,259,12.8971738815
271,257,12.5088748932
270,256,12.4755573273
265,255,12.2150115967
264,255,12.8053245544
262,256,12.4411907196
262,255,12.4654092789
263,255,12.5001001358
263,256,12.6601762772
264,257,12.1038188934
265,257,12.1017866135
264,256,11.9406099319
265,255,11.7208538055
264,255,11.7350053787
264,255,12.2150115967
266,255,12.3491888046
268,256,12.1038188934
275,261,12.2284393311
279,262,11.817322731
283,261,11.8533697128
286,262,11.9269609451
288,263,12.1017713547
290,264,12.3705387115
290,267,11.7047996521
288,267,12.5001001358
284,268,12.2066555023
282,268,11.8911600113
284,269,11.9845123291
287,269,11.8849639893
291,270,12.3491888046
294,271,12.3491888046
299,274,12.3491888046
301,276,12.4269008636
303,278,12.1758956909
303,280,12.3020067215
303,281,12.3694171906
301,279,12.8248643875
299,275,12.7476491928
297,271,12.5480394363
297,264,12.3491888046
296,259,12.4201526642
299,252,12.3491888046
301,248,12.1758956909
305,240,12.5459289551
306,237,12.1071882248
306,231,11.68475914
307,226,12.0230522156
310,219,11.906999588
313,217,12.2066555023
314,211,11.9344978333
316,212,11.7047996521
315,211,12.0209150314
315,211,11.8533697128
315,211,11.8849639893
314,211,11.9269609451
313,211,12.0425081253
314,210,11.8059492111
315,208,12.5433263779
315,206,12.1038188934
315,201,12.0599279404
315,199,12.1354045868
312,193,11.9952335358
311,192,12.0230522156
312,192,12.4122915268
313,191,12.5067605972
314,190,12.3491888046
314,190,12.7957611084
313,191,12.5656909943
313,192,12.6195297241
313,196,12.9055595398
314,200,12.3976945877
314,208,12.6246709824
313,212,12.7874345779
315,221,12.4835805893
317,223,12.2782058716
319,227,12.3772859573
318,227,12.5480451584
317,228,12.2315092087
315,227,12.4653739929
314,224,12.3893909454
312,223,12.4050693512
312,222,12.4648208618
312,222,12.8389673233
309,219,12.5493783951
309,219,12.6492109299
306,217,12.5459289551
306,217,12.7673149109
304,217,12.6234540939
303,216,12.7185335159
300,213,13.2498788834
301,213,12.6551790237
302,212,12.6195297241
303,211,12.5617246628
305,208,12.5459289551
306,207,12.4935531616
309,207,12.3491888046
310,208,12.6246833801
312,208,12.3491888046
314,208,12.5001001358
319,207,12.5493907928
322,205,12.4206867218
327,203,12.3491888046
330,203,12.6195297241
336,201,12.8358697891
338,200,12.4001169205
342,200,12.3891077042
343,200,12.5723924637
344,205,12.7639360428
344,207,12.6376247406
342,216,12.5157155991
341,224,12.8063488007
340,229,12.8770742416
339,234,12.8161058426
340,238,12.6376247406
341,245,13.1293067932
343,248,12.8063488007
349,252,12.903588295
352,253,12.2284545898
358,254,12.1354045868
361,257,12.8710851669
363,257,12.8261146545
365,257,12.5001001358
370,255,12.5186786652
373,253,13.1079597473
379,250,12.7790088654
382,248,12.6504259109
387,248,12.5433263779
389,249,12.5459289551
392,251,12.6195297241
393,251,12.8851518631
396,253,13.1131267548
397,253,12.4001169205
400,252,12.5443506241
401,251,12.7722702026
403,250,11.8027086258
406,249,12.6246833801
410,247,12.444770813
410,246,12.6195297241
411,244,12.3579673767
411,243,12.608956337
409,243,12.6857213974
408,244,12.6504421234
406,245,12.6572799683
403,245,12.5328826904
401,246,12.5121355057
400,246,12.4441556931
400,246,12.5480451584
401,248,12.8063488007
402,251,12.7280225754
402,252,12.7672958374
404,251,12.5001554489
405,250,12.2297506332
408,247,12.6246833801
411,247,12.3491888046
417,245,12.365852356
419,245,13.1320753098
424,245,12.9980392456
426,245,13.1079597473
427,246,13.0001001358
427,246,12.8306188583
425,245,12.877076149
425,245,13.2394828796
426,245,13.2224254608
425,243,12.3491888046
426,244,12.8252506256
427,245,12.6802473068
427,246,12.5021657944
428,247,12.6376247406
429,248,12.6195297241
429,248,12.8248643875
430,248,12.1071882248
430,248,12.4001169205
430,247,12.3491888046
431,248,12.6246709824
429,247,12.0633449554
429,249,12.8851613998
427,250,12.3491888046
427,252,12.4029111862
425,256,12.4249181747
424,258,12.5001001358
423,261,12.7952051163
423,264,12.5300645828
421,267,12.5300645828
420,269,12.8128290176
418,273,12.360868454
417,275,12.3705387115
415,282,12.5055923462
413,285,12.5052127838
411,291,12.8252429962
410,293,12.7476491928
409,298,12.5052127838
408,299,12.834236145
408,303,12.5459289551
409,306,12.5537023544
409,312,12.8063488007
409,315,12.665810585
412,321,12.6492109299
412,322,12.5480394363
416,326,12.6195297241
420,328,12.8063488007
428,332,12.6504402161
435,337,12.7476491928
443,341,12.779001236
447,341,13.2961473465
453,337,12.6579141617
456,335,13.0385046005
463,334,14.1599025726
467,334,13.5474100113
475,336,14.1174755096
482,340,15.0685043335
495,345,14.603181839
504,350,14.5603199005
522,352,10.6067018509
0,0,0
0,0,0
0,0,0
0,0,0
0,0,0
0,0,0
0,0,0
0,0,0
0,0,0
0,0,0
0,0,0
0,0,0
0,0,0
0,0,0
0,0,0
0,0,0
0,0,0
0,0,0
0,0,0
0,0,0
0,0,0
0,0,0
0,0,0
0,0,0
0,0,0
0,0,0
0,0,0
0,0,0
0,0,0
0,0,0
0,0,0
0,0,0
0,0,0
0,0,0
0,0,0
0,0,0
0,0,0
0,0,0
0,0,0
0,0,0
0,0,0
0,0,0
18,317,9.3942470551
280,242,16.4469833374
592,8,10.3078641891
0,0,0
0,0,0
0,0,0
0,0,0
0,0,0
618,5,14.1236839294
0,0,0
0,0,0
0,0,0
0,0,0
0,0,0
0,0,0
0,0,0
