-1.2950062858,1.1947236246
-1.6769972913,0.9906624438
-1.6879757331,0.987636344
-1.6958362148,0.9857332567
-1.7075465937999998,0.9829926918
-1.7158336522,0.9809764872
-1.7300471972,0.9778277227
-1.7455067387,0.9745431139
-1.7518972611,0.9730170498
-1.7625503324,0.9707618313
-1.7664757974,0.9697808201
-1.7796386328,0.9666758341
-1.7832279286,0.9658763491
-1.7930440872,0.9630941748
-1.8003604486000002,0.9611456455
-1.8132976323,0.9571924062
-1.8167320885,0.9563416497
-1.8263710033,0.9531507822
-1.8324557952,0.9511957677
-1.8430486448,0.9477315167
-1.8492853864,0.9457664373
-1.8593488527,0.9422348573
-1.8660595458,0.9397447561
-1.8760471462,0.9359303987
-1.8831651678,0.933197881
-1.8927498678,0.9294547925
-1.8954327413,0.9284459419
-1.9080954153,0.9231772541
-1.9105837211,0.9221701823
-1.9218844062,0.9170075217
-2.0661802362,0.59243669
-1.6575198295,-0.2820557907
-1.6519238783,-0.2886476685
-1.6443510233,-0.2983583056
-1.639383253,-0.3049762177
-1.6336637904,-0.31378532800000003
-1.6317608298,-0.3168830545
-1.6248498423,-0.3297972067
-1.6220249300999998,-0.3355182769
-1.6176986652,-0.3455396637
-1.6166775965,-0.3484124437
-1.6128799561000002,-0.35785468020000005
-1.6094857987,-0.3678045374
-1.6072864196,-0.3744273253
-1.6050708601,-0.3810231406
-1.6021111036000002,-0.3912509431
-1.5999800742,-0.3980003751
-1.5968726509,-0.4089470635
-1.5948518864,-0.4155239203
-1.590797131,-0.4304022399
-1.5896209754,-0.4340118428
-1.5865819243,-0.4443619996
-1.5854304066999998,-0.4488061771
-1.5806717642,-0.4637185289
-1.5785634557,-0.4709030482
-1.5746832549,-0.4823257886
-1.5720037138999998,-0.490313592
-1.5678749372999998,-0.5019945886
-1.5649181315,-0.5106717784
-1.5621341035,-0.5188021119
-1.5595890015,-0.5263555153
-1.5553364912999998,-0.5396150391
-1.552831441,-0.5480726832
-1.5490921471,-0.5608824133
-1.5469009130000002,-0.5694207758
-1.5429419663,-0.5858809076
-1.54181238,-0.5907579779
-1.5393693269,-0.6036662420000001
-1.5376735362,-0.6119740493
-1.5349308388999998,-0.6280770826
-1.5342753059,-0.6318691555
-1.5328287437,-0.6437881353
-1.5321060639,-0.6472336108
-1.5306648750999998,-0.6618974217
-1.5300573468,-0.6684927588
-1.5296383197,-0.6751894604
-1.5293711986,-0.681139408
-1.5294993019,-0.6934656035
-1.5295686896,-0.6970233947
-1.5302081450999998,-0.7052075268000001
-1.5310096721000002,-0.7112676029
-1.5328020978,-0.7217418928
-1.5333082962,-0.7238595953
-1.5352456572,-0.7317985145
-1.5372049107,-0.739062135
-1.5384860227,-0.7434724036
-1.54005285,-0.7486856987999999
-1.542180281,-0.7555533563
-1.5437333541,-0.7608418587000001
-1.5458119709,-0.7680395483
-1.5471649413,-0.772832448
-1.5491085307,-0.7798637159
-1.549601241,-0.7817655239
-1.5520842244,-0.7911065709
-1.5525878532,-0.7928952841
-1.5548200604,-0.8014675865
-1.5553504897,-0.8033688289
-1.5574689368,-0.8108584352
-1.5579552331,-0.8124082636
-1.5601106653,-0.8197547378
-1.5607223678,-0.8213238578000001
-1.5624466444,-0.82658471
-1.5638209024,-0.8306807821
-1.5654240205,-0.8355917838
-1.5670176235,-0.8399947888
-1.5691093736,-0.845694774
-1.5707737343,-0.8503098523
-1.5731096668,-0.8570155508
-1.5739672665,-0.8592429292
-1.5769825448,-0.8681214204000001
-1.5780948942,-0.871015036
-1.581322167,-0.880407925
-1.5832789209,-0.8858031265999999
-1.5858349968,-0.8931719215999999
-1.5870173942,-0.8963302273999999
-1.589800031,-0.9040197245
-1.5920915309,-0.9101507253
-1.5964299493,-0.9216980902
-1.5972982350999998,-0.9240627148
-1.6007453644999998,-0.9335958847
-1.603021029,-0.9398692696
-1.6059987562,-0.9487226105
-1.608218955,-0.9556602681
-1.6109770755,-0.9648797472
-1.6122449897,-0.9689146988
-1.6156000474,-0.9827072139
-1.6172644400999998,-0.9896515527
-1.6193208329,-1.0005752723
-1.6212591608000002,-1.0116961009999998
-1.6221673621,-1.018394861
-1.622781178,-1.0222367039
-1.6241764772999998,-1.034294213
-1.6252180114,-1.0422153334
-1.6270673516999998,-1.0577348029
-1.6274738216,-1.0616193475
-1.629042296,-1.0732750054
-1.6301560819999998,-1.0803294164
-1.6320146194,-1.0923577568
-1.6331907621,-1.0990518925
-1.6351351739,-1.1100138518
-1.6357732402,-1.1135086314
-1.6387618832,-1.1273773256
-1.6404382977,-1.1346449596
-1.6430278911000002,-1.1444401941
-1.6447034475,-1.1507782803
-1.6474140371,-1.1601374124
-1.6484170191,-1.163240756
-1.6513575952,-1.1724074851
-1.6530692066,-1.1778687637
-1.6571504741999998,-1.1896010795
-1.658194459,-1.1924498112000002
-1.6613800075999998,-1.2010436589
-1.6637469437,-1.2071176823
-1.6680074677,-1.2183434188
-1.6691601381,-1.2212187444
-1.6725188702,-1.2296617568
-1.6757931091999998,-1.2381903717
-1.6778772638,-1.2433999927
-1.68008128,-1.249199401
-1.6848558305,-1.2615613367
-1.6861237087999998,-1.264499377
-1.6898066101,-1.2736485528
-1.6921261797999998,-1.2798782037
-1.6946737293,-1.2862545259
-1.6984074855000002,-1.2956263164
-1.7110776217,-1.3275148283
-1.7171200071,-1.3423263759
-1.7184858854,-1.3455993187000002
-1.4397140453,-1.779377517
-0.9637773776,-1.5191731382
-0.9544053488,-1.5112248208
-0.9309661451,-1.4906724688
-0.9159961331,-1.4768878343
-0.8877214295999999,-1.4489944644
-0.8819413359999999,-1.4431395081
-0.8558586473,-1.4151235996
-0.8485975843000001,-1.4070478088999998
-0.8302944983,-1.3859724025
-0.8188273709,-1.3718217448
-0.8020002043000001,-1.3507129696
-0.7965617997,-1.343739935
-0.7711295767,-1.3093987861
-0.7652333687,-1.3006813596
-0.7503016972,-1.2790945733
-0.7404869369,-1.2643515165
-0.7261898883,-1.2421303511
-0.7221990243,-1.2357573368
-0.7080383490000001,-1.2132044955
-0.6930919508,-1.1892861256
-0.6791394719,-1.1667064027
-0.6752301464,-1.1605263505
-0.6611826752000001,-1.1382088253
-0.651731004,-1.1235798794
-0.6328129227,-1.0950904202
-0.628037017,-1.0881644763
-0.6136633246000001,-1.0674869953
-0.604189917,-1.0542854965
-0.5889386585999999,-1.0337521875
-0.5801300384,-1.0221916119
-0.5649216208,-1.00301456
-0.5561878962,-0.9921269796
-0.5411961556,-0.9740465413
-0.532559011,-0.963842827
-0.5185985938000001,-0.9476081407
-0.5094846303,-0.9372793878
-0.4950340781,-0.9213382008
-0.4906265475,-0.9161920264
-0.4778220406,-0.9025646582
-0.4684158241,-0.8926383003
-0.4516902831,-0.8749266581
-0.4473347833,-0.8704704298999999
-0.4345403372,-0.8572586503
-0.4262555361,-0.8486696723999999
-0.41348948,-0.8352657882
-0.4056743899,-0.8271077726
-0.3948435889,-0.8154728881000001
-0.3905948315,-0.8107340984999999
-0.3766904173,-0.7947631166
-0.271314774,-0.9694575189
-0.2732713238,-0.9805788781
-0.2774458883,-1.0022239465
-0.2783716244,-1.0065530617
-0.2818792416,-1.0225379158
-0.28433330170000004,-1.0329197185
-0.2882692146,-1.0482486883
-0.291104646,-1.0592234622
-0.2949687765,-1.0742005416
-0.2961819496,-1.0791060593
-0.30121807100000003,-1.0986022026
-0.3036659863,-1.1080702112
-0.306735143,-1.1215724881
-0.30902842350000004,-1.1317186131
-0.3116627475,-1.1449029963
-0.3127528867,-1.1501364038
-0.3155846347,-1.167372331
-0.3049195614,-1.3054335401
-0.3012878023,-1.316214091
-0.2985145501,-1.3241798699
-0.2926789996,-1.3379434151
-0.2910079652,-1.3413950165
-0.2858736909,-1.3509147757
-0.2827421728,-1.3564498448
-0.2754898743,-1.3679429803
-0.273997662,-1.3701684073
-0.2687428279,-1.3774460909
-0.2647188216,-1.38191198
-0.2594253582,-1.3872897134
-0.2562469763,-1.3900354896
-0.2508308015,-1.3937737649000002
-0.2491915386,-1.3948771547
-0.242713633,-1.3973552493
-0.2398704694,-1.397831925
-0.23529592,-1.3976479953999998
-0.2336436262,-1.3972575846000002
-0.22846766,-1.3946166407
-0.2269306674,-1.3936667737
-0.2234854993,-1.389910685
-0.2213269597,-1.3866831619
-0.217603715,-1.3790015999
-0.2168996671,-1.3766037863
-0.2146106616,-1.3680666031
-0.2134610696,-1.3619848874
-0.2117339361,-1.348088006
-0.2114153204,-1.344223211
-0.2108465902,-1.3319267643
-0.2106963403,-1.322847347
-0.2112071044,-1.3087475231
-0.2119379511,-1.2978135663
-0.21341795,-1.2829185834
-0.2146879251,-1.2728038572
-0.2175297868,-1.2556875796
-0.2190511034,-1.2490983594
-0.2245845964,-1.224660591
-0.2282799884,-1.2123253742
-0.2343241445,-1.1927928381
-0.2365744143,-1.1864428529
-0.2440679169,-1.1662059825
-0.2526814811,-1.145951588
-0.2615230422,-1.1260840781
-0.2655041964,-1.1179086865
-0.2752719019,-1.0975974199
-0.2831103997,-1.0817213079
-0.2944696304,-1.0600489614
-0.3022677067,-1.0456376999
-0.314211625,-1.0238977236
-0.31756929030000003,-1.0177008881999998
-0.3346350523,-0.9879683591
-0.3381389955,-0.9820566913
-0.355623531,-0.9527650971
-0.35985753130000003,-0.945863372
-0.3772450558,-0.9187327669
-0.3816791943,-0.9121531946
-0.3996439716,-0.8861190988
-0.4082047992,-0.8744800178000001
-0.4230531068,-0.8543390587999999
-0.4270741101,-0.8490679756999999
-0.4429183304,-0.8290914647
-0.4584536023,-0.8105003138
-0.4690161467,-0.7980543393
-0.4798385205,-0.7855853495
-0.4967031383,-0.7665048526999999
-0.5072347848,-0.7548877701000001
-0.5313815820000001,-0.7275901256999999
-0.536268307,-0.7223058941
-0.5546414957,-0.7011690495
-0.5653058972,-0.6890503136
-0.5824085861,-0.6686255565
-0.5944818431000001,-0.6538986687
-0.6045499651,-0.6413173324
-0.6213536351,-0.6197021065999999
-0.6364458668999999,-0.5988060032
-0.6413556511,-0.5920830138000001
-0.6598552997,-0.5647677186
-0.6686124485,-0.5515316975
-0.6800494219,-0.5324076188
-0.6843895165,-0.5248287598
-0.6980582809,-0.5003036367
-0.7017395701000001,-0.4931010989
-0.7102034744,-0.4759976626
-0.7161253415000001,-0.4635567613
-0.7230155495,-0.4481449762
-0.7276994708,-0.4369747906000001
-0.7333404707,-0.4229810522
-0.7347163893,-0.4194023741
-0.7402839754,-0.4029337197
-0.7424410446999999,-0.3957783046
-0.7453645372,-0.3864486543
-0.7460607026,-0.3829981297
-0.7477751662000001,-0.3751018214
-0.7484067955,-0.3705403470000001
-0.7490779323000001,-0.3635521083
-0.7491143477,-0.3623889054
-0.7486596405,-0.35854971909999994
-0.7481112711,-0.3568120602000001
-0.7470014014,-0.35512275520000003
-0.7458557106,-0.3544528189
-0.7440498533,-0.35468953810000003
-0.7420680036,-0.3558065372
-0.7403229572,-0.35698728960000004
-0.7388109982,-0.3582406686
-0.7349992907999999,-0.3617551449000001
-0.7340339536,-0.3629624564
-0.7311903298000001,-0.3662852429
-0.7301288645,-0.3675396255
-0.7258533845999999,-0.3726427051
-0.7235136217,-0.3756463538
-0.7202158767,-0.3799864863
-0.7192686344,-0.3814506105
-0.7149281875,-0.3872144036
-0.7140705572,-0.3885292295
-0.7110231748,-0.3931925866
-0.7090378159,-0.3960210461
-0.7054963151000001,-0.4011484657
-0.7045116043999999,-0.4024846819
-0.7018292509999999,-0.4062747853
-0.7001596831,-0.4086563301
-0.6970543438,-0.4127428515
-0.6964166209,-0.4137000271
-0.6943495989,-0.4159160416
-0.6938063518,-0.4165011088
-0.691486833,-0.4189258684
-0.6905164364,-0.4195875995
-0.6891967894,-0.4206163636
-0.6886878712000001,-0.4206953643
-0.687534077,-0.4211830562
-0.6868124169,-0.4208891846
-0.6863039905,-0.4205499555
-0.6855492845000001,-0.4197793158
-0.6848386047,-0.418849033
-0.6844592379000001,-0.4182573405
-0.68343612,-0.4167239717
-0.6820015118000001,-0.4138901392
-0.6816112115,-0.413196394
-0.6806880325,-0.4114586545
-0.6793071967000001,-0.4086502544
-0.6787460809,-0.4075686346
-0.6769527609999999,-0.4033264581
-0.6759985152,-0.4007698632
-0.6742275906,-0.3954549619
-0.6723238427,-0.3891846342
-0.6714918294,-0.3859774863
-0.6696149149,-0.3793880005
-0.6678778467,-0.3724601186
-0.6675865275999999,-0.3712974353
-0.6661311848,-0.3656356783
-0.6648784281,-0.3605410435
-0.6638867407,-0.3555845565
-0.6635265553999999,-0.3539622535
-0.6626628603,-0.349319042
-0.6622356489,-0.3463755505
-0.6617595211999999,-0.34220064409999995
-0.6616196468,-0.33988564600000004
-0.6619865136,-0.3366044103
-0.6621510837,-0.33590349350000004
-0.6643367782999999,-0.3318561177
-0.6650716638,-0.3311193112
-0.6676639436,-0.3293475783
-0.6687011306,-0.3288616581
-0.6736065068000001,-0.3269561388
-0.6749381133,-0.3263929238
-0.6793143793,-0.3253064745
-0.6827637658,-0.324522831
-0.6898501975,-0.3224431734
-0.6918440596,-0.3219421485
-0.6976222515999999,-0.32002454140000003
-0.7018190978,-0.318211475
-0.7078630199,-0.3155680381
-0.7118263106,-0.3136636571
-0.7178638126000001,-0.31020197920000003
-0.7217423626999999,-0.307762235
-0.7291798205,-0.3027361968
-0.7309613954999999,-0.3014187909
-0.7367226190999999,-0.2970178725
-0.7399906144,-0.2942433357
-0.7443445167,-0.2899109889
-0.7468296876,-0.2872038988
-0.7490412462,-0.2844554214
-0.7511918875,-0.2808373281
-0.7522316216,-0.2769436236
-0.7521499755,-0.2747539555
-0.7516926099,-0.27272334800000003
-0.750524564,-0.2707497479
-0.7467708940000001,-0.2675053613
-0.7456118923,-0.266723405
-0.7415006520999999,-0.2649322598
-0.7370478737,-0.2636335843
-0.7315177448000001,-0.2626054297
-0.7301081631,-0.262495977
-0.7244890378,-0.2619903619
-0.7229087709,-0.2616936062
-0.7152450695,-0.2610898658
-0.7116982839,-0.260972341
-0.7063780402,-0.2601380657
-0.7030555408,-0.259738956
-0.6980082823999999,-0.2587355097
-0.6962503472,-0.2583974157
-0.6912995773999999,-0.2565301529
-0.6884109373999999,-0.2551091136
-0.6821346838,-0.2511294207
-0.6806311472,-0.2498972363
-0.675618507,-0.2447359458
-0.6713420075,-0.2381483878
-0.6694180906,-0.2341119258
-0.6674065636,-0.2282928479
-0.6668449094,-0.2263377647
-0.6656084796,-0.217868987
-0.6653239383,-0.2135284796
-0.6654536313,-0.2070939205
-0.6658959996,-0.2020434751
-0.6667703772,-0.1953310024
-0.6675941932,-0.1900670157
-0.669092184,-0.1824955685
-0.6701632265999999,-0.1775196784
-0.6716411718,-0.169851506
-0.6729186441,-0.162283935
-0.6736618402,-0.1578052597
-0.674150783,-0.1523152068
-0.6743008897,-0.1476508721
-0.6741796401000001,-0.1425455337
-0.6729898286,-0.1332268011
-0.6723962159,-0.1309878235
-0.6701380404,-0.1244755837
-0.6682964049,-0.12081586710000003
-0.6643554371,-0.1144176376
-0.661197595,-0.1105372041
-0.6563356077,-0.1053254419
-0.652161488,-0.1016794017
-0.6456703271,-0.0966300519
-0.6408996775,-0.093470971
-0.6307661836,-0.08769264619999999
-0.6284585598,-0.0864102773
-0.622401244,-0.0833638119
-0.6135625206,-0.0794996337
-0.6017138693,-0.0744140075
-0.5885808472,-0.0690500673
-0.5852741671,-0.0677211396
-0.5749808971,-0.06367995580000001
-0.5679685352,-0.0608626602
-0.5531097613,-0.054770312800000005
-0.5460614623,-0.0516885726
-0.5395039099,-0.048871802
-0.5326356449,-0.0457479017
-0.5221526157,-0.0405164893
-0.5152179762,-0.036933832400000005
-0.5048714686,-0.0313318551
-0.5021556903,-0.0297740642
-0.4892380466,-0.0220137173
-0.4839958666,-0.0186742638
-0.4754161697,-0.0128977696
-0.4732527611,-0.0113847152
-0.4655586596,-0.0058418516000000005
-0.4586696753,-0.0007218309
-0.4548781738,0.002378035
-0.4503657216,0.006062294300000001
-0.4424841153,0.0130169294
-0.4408262813,0.0145686859
-0.4349623618,0.0203485497
-0.4317324946,0.0238269188
-0.4246453392,0.0320176815
-0.4233635109,0.033531154
-0.4188826156,0.0395963021
-0.4160415987,0.0436457079
-0.4119744351,0.0499389616
-0.4096511626,0.0537490808
-0.4061006776,0.060068130199999986
-0.4049535970000001,0.0620537904
-0.4015403552,0.0680515484
-0.3982629859,0.0737312875
-0.3946084052,0.07980376780000001
-0.3931234871,0.0822228807
-0.3874922134000001,0.0907500458
-0.3859214268,0.0929017101
-0.3806268951,0.099592442
-0.3749044267,0.1060707966
-0.367357547,0.1133392384
-0.365221712,0.1152209248
-0.3563633962,0.1225465798
-0.3504342104,0.1267847485
-0.3393759827,0.133958624
-0.3318097298,0.138430336
-0.3196366605,0.1447122006
-0.3154471318,0.1467466694
-0.2977694112,0.1547871421
-0.28947305030000003,0.1582543001
-0.2751337259,0.16388526039999998
-0.2714321294,0.1652519833
-0.2536176818,0.1714186086
-0.2485759344,0.1731989141
-0.2325778085,0.1783570863
-0.2278362672,0.1798342891
-0.2126000815,0.1844517096
-0.209588953,0.1852870257
-0.1981946507,0.18859949260000006
-0.1919182553,0.1902274297
-0.18142042940000006,0.1931400699
-0.1755266352,0.1946343015
-0.1661069703,0.1973366871
-0.162657985,0.1984251456
-0.15061610949999998,0.20248457
-0.14479185949999998,0.2048293983
-0.1360954303,0.2085449563
-0.1331596014,0.2099191462
-0.1214191751,0.2157760845
-0.1153443626,0.2191212999
-0.1090716677,0.22250794420000006
-0.1027587441,0.2261625341
-0.0894498084,0.2343123706
-0.0860794325,0.2363889748
-0.0759456328,0.2430971488
-0.06801667410000001,0.2485506846
-0.0571259823,0.2563316292
-0.049086229800000006,0.2620987452
-0.035899829,0.271542204
-0.0313658175,0.274807997
-0.013440352,0.2868925305
-0.002444374,0.29399362760000003
0.0130737172,0.3033509501
0.0199194757,0.3074325883
0.0455815307,0.3210026977
0.0583073658,0.3270953612
0.0743880278,0.3343123284
0.0982725343,0.3442874343
0.12228444210000003,0.3532985395
0.1323762252,0.3569849655
0.15802745199999998,0.3655966441
0.1782076425,0.3719120303
0.2148671389,0.3826907696
0.226205203,0.3856880128
0.2555090682,0.393031106
0.2751221857,0.3974820135
0.5260125425,0.4454679086
0.5339392289,0.4482741676
0.6209615383,0.5135503810000001
0.6246702857,0.5186768388
0.6331119824,0.5313897095000001
0.6392703759,0.5415763854
0.6475193604,0.5560446854
0.6502262138,0.5609334482
0.6609621119,0.5809364325999999
0.6634558917,0.5860150501
0.670894573,0.6015026897
0.6775695212,0.6172556824000001
0.6828139833,0.6320752972
0.6844873793999999,0.6374088412
0.6884301642,0.6529974765
0.6905040549,0.664196673
0.69214699,0.6789582698000001
0.6928646813,0.6947612486
0.692842634,0.7062357065
0.6926889265999999,0.7115536722
0.6916765148,0.733471773
0.6910767876,0.7438768388
0.6904544964,0.7613230816
0.6901896465,0.7743988596
0.6902497193000001,0.7928308890000001
0.6903972417,0.7992085439
0.6924073863,0.8249302999
0.6941039701999999,0.8378212393000001
0.6975062058,0.8563622993000001
0.6990863783,0.862941197
0.7050547767,0.8839006223999999
0.7122052798999999,0.903807679
0.7204702092,0.922555152
0.7242828204,0.9303117757
0.7386593659,0.9568565882
0.7425310931,0.9634328539
0.75482046,0.9829895056
0.7629092251,0.9948486492
0.7773446023999999,1.0148218702
0.7862130828,1.0261587505
0.8010394171999999,1.0438651999
0.812279658,1.0563188913
0.8284575764,1.0725532767
0.8395642687,1.0826863857
0.8567706869,1.0970151059
0.8627209939,1.1016096148
0.8866482915,1.118575597
0.897732981,1.1256192863
0.9173722481,1.1372217814
0.9226178632,1.1400214381
0.9484406992,1.1535818067
0.9546795896,1.1567196447
0.973123188,1.1658182638
1.3909188108,1.2525574688
1.3789251871,1.2369236552
1.3714610356,1.2266985788
1.3481275884,1.1925909251
1.3357918608,1.1726625631999998
1.3209073202,1.1457900523
1.31512706,1.1345349961
1.2985553622,1.09652004
1.2947931352,1.0865153278
1.28386131,1.0539379204
1.2748837833,1.0221456098
1.2677711193,0.9917581674
1.2649831422,0.9788814172
1.253998151,0.9232452721
1.2478536281,0.8895079187999999
1.2441229941,0.868678307
1.2374804457,0.8330738762000001
0.9590793664,0.1983519029
0.9513291579,0.1826937407
0.9404952952,0.1605607164
0.9376386066,0.1547634796
0.9244626459,0.1274959845
0.9176635797,0.1135661499
0.9085120547,0.0946999826
0.9024674386,0.0824141107
0.8937252273,0.0642460073
0.8909433873,0.0582489173
0.8824544595999999,0.0404471825
0.8771837701999999,0.0294131061
0.868315761,0.0104206853
0.8632553834000001,-0.0006020935
0.8548905123999999,-0.0188686209
0.8489181222,-0.0320506679
0.8381833220999999,-0.0566220328
0.8355957597,-0.0627047635
0.8279759237000001,-0.0810448903
0.8254428003000001,-0.0871041918
0.816285797,-0.1098966358
0.8116279163,-0.1213858101
0.8025867909000001,-0.14454481060000002
0.7966557145000001,-0.1605868742
0.7912643906,-0.1759767215
0.7882852215999999,-0.1859109447
0.7854545184999999,-0.19563212510000005
0.7810104619,-0.215132348
0.7801946809999999,-0.2198654063
0.7781589882,-0.2341812826
0.7772262929000001,-0.2435831478
0.7765663869,-0.256861027
0.7763881818,-0.2668701668
0.7765303202,-0.2804304305
0.7766923357,-0.2849176877
0.7777846504000001,-0.302228507
0.778383563,-0.3099365952
0.779777293,-0.3228138864
0.7807289803,-0.3307775153
0.7823712079,-0.342336706
0.782831444,-0.3454869611
0.7850219458,-0.3601161707
0.7857269273999999,-0.3641555585
0.7880707314000001,-0.3773421931
0.7890509290000001,-0.382908552
0.7901878854000001,-0.3889912979
0.7910959478,-0.39385965
0.792677348,-0.4034880104
0.792925833,-0.4054922244
0.7936353606000001,-0.4110255193
0.7939874037000001,-0.4143800583
0.7941831859999999,-0.4187071918
0.7942062713,-0.4211408054
0.7939066478,-0.424486385
0.7937437234,-0.4254516789
0.7929431919,-0.4289238862
0.792430918,-0.4302846691
0.7915589228000001,-0.4321816376
0.7911778373,-0.432843697
0.7897818995999999,-0.4350311639
0.7894702833,-0.4355864909
0.7884488017,-0.4370709587
0.7877509792,-0.4380347224
0.7866476666,-0.4396893016
0.7864051681,-0.4400276403
0.785668195,-0.4411160263
0.7853270358,-0.4413982161
0.7850826705,-0.4417958794
0.7849178128000001,-0.4417743371
0.7852119909,-0.4413480348
0.7852508606999999,-0.441011185
0.785990286,-0.4392573095
0.7865382447,-0.4377137186
0.7874828955,-0.4349102252000001
0.7878337889,-0.4338521085
0.789640701,-0.4288787262
0.7909769776000001,-0.4256117404
0.7922854476000001,-0.422559395
0.7940130389,-0.4187419726
0.7978630956,-0.4116901043
0.7991999137000001,-0.4095868262
0.8052324240000001,-0.4023623927
0.8066634954,-0.4009165188
0.8129642356,-0.3958349723
0.8175824902,-0.3929618372
0.8256913134,-0.389294683
0.8317680293999999,-0.3873494926
0.841244905,-0.3852960169
0.8489126901999999,-0.3842756612
0.8601777379000001,-0.3837580646
0.8671687142,-0.3840488136
0.8793889492,-0.3852715402
0.8867984265000001,-0.3865233935
0.8972077767000001,-0.3889011028
0.9046710118,-0.3910440793
0.8453311943999999,-0.338898463
0.837597195,-0.3352394166
0.8233187479999999,-0.3277578127
0.8173537198,-0.3240680335
0.8132435276000001,-0.3211692397
0.8081227154999999,-0.3171825381
0.8066543212999999,-0.3156506221
0.8013980961,-0.3098439737
0.8003434398999999,-0.3082440396
0.7965419340000001,-0.3016514336
0.7957732298000001,-0.2998765063
0.793225915,-0.292629161
0.7925398198,-0.2905328621
0.7909580086,-0.2837194344
0.7900361416,-0.2789826643
0.7888349176999999,-0.2688181709
0.7885873915,-0.2661773182
0.7884889664,-0.2579362313
0.7888691331000001,-0.252622165
0.7898630828000001,-0.2433952077
0.7908480252,-0.2374626451
0.7929055278,-0.2286702741
0.795551448,-0.2200808592
0.7977985947,-0.2145492504
0.8001378434,-0.20922132850000005
0.8038249877,-0.2017396905
0.8050786012000001,-0.1993651836
0.8102024129000001,-0.1907089136
0.8126935127,-0.1868035937
0.8149385071999999,-0.1835900418
0.8173414627,-0.180473558
0.8218632576,-0.1750737232
0.8229953447,-0.1739589346
0.8258202104000001,-0.1713186595
0.8274286052,-0.1699414561
0.8298184384999999,-0.1684937683
0.8301051295999999,-0.16837954370000002
0.80143528,-0.1917044353
0.793432605,-0.1970519849
0.7902912459999999,-0.1991868244
0.7817392343,-0.2047406055
0.7760839828,-0.2084470952
0.7672641018,-0.2139813011
0.7590260070999999,-0.2192787023
0.7529602683,-0.2232206025
0.7480143989,-0.2265077557
0.7401312029000001,-0.2321301897
0.7355752920999999,-0.2357553093
0.7302526623000001,-0.2406045478
0.7268743828,-0.2442019174
0.7233968893000001,-0.2490472525
0.7220639853,-0.2520293448
0.7209028045999999,-0.2570042487
0.7208837056999999,-0.2597637679
0.7219904327,-0.2643454314
0.7224770673,-0.26548208
0.7248893411,-0.2697279784
0.7270036479,-0.2723822705
0.7325202312000001,-0.27676471010000003
0.7342037029999999,-0.2777865493
0.7399301979,-0.2805237797
0.7442240270999999,-0.2821306613
0.7542477497,-0.2852295108
0.7565003460999999,-0.2857093603
0.7659665968000001,-0.2878391605
0.7685602559999999,-0.2883715249
0.7830867483,-0.2913267899
0.790597326,-0.2930337459
0.8024551276,-0.296109205
0.8064729409,-0.297286344
0.8237295894,-0.3030661331
0.8280536859000001,-0.30483283780000003
0.8416283328,-0.31060840300000003
0.8554525073,-0.3175403874
0.8691748096999999,-0.325556539
0.8735766229,-0.32842543420000003
0.8862442983,-0.33763405420000003
0.9199123528,-0.5033111467
0.918719788,-0.506957393
0.9140629791,-0.5213987422
0.9129538727,-0.5250193063
0.9097636829,-0.5360809233
0.9079999553,-0.5429109096
0.9040889689,-0.5586134846
0.9031538588,-0.5623391569
0.9008164968,-0.5730478432
0.8990625016,-0.5811861091
0.8971119592,-0.5919264879
0.8957879148000001,-0.6002167687
0.8946048259,-0.6116748654999999
0.8942274254000001,-0.6155193524
0.8942714055,-0.6309067884
0.8947434559,-0.6387377366
0.8961888869,-0.6499684077000001
0.8969008995000001,-0.6545744997
0.8989585405,-0.666104216
0.9005740667000001,-0.6749934878
0.9027881496,-0.6875825745999999
0.9042877869,-0.696194742
0.9070032325,-0.7138588476000001
0.9075091868,-0.7175259245000001
0.9095489367,-0.7359651177
0.9101483889,-0.7414129443999999
0.9111532141,-0.7548741419
0.9118859175,-0.7654514687999999
0.9131642727,-0.795865238
0.9136496534,-0.8174339394
0.9136287362,-0.8230223853
0.9139247424,-0.8390818609
0.9140685288,-0.8516238589
0.9140374985,-0.8692728815999999
0.9140427329,-0.8813206908
0.9139056872,-0.8995071577
0.913986376,-0.9055668704
0.9137023326,-0.9298827625
0.9135699671,-0.9419449754
0.9133967285,-0.9587656559
0.9133020371,-0.9657009109
0.912880887,-0.9886309649
0.9128602284,-0.9942469541
0.912198592,-1.0157754439
0.9119264191,-1.0251815074
0.9111987835,-1.0408274731
0.9109509677,-1.0455930348
0.9103783144,-1.0594639833
0.9097470533,-1.0729362488
0.9094945121,-1.0809653011
0.9092819688,-1.0903889602
0.909261734,-1.1032917805
0.9094330689,-1.1119376228
0.910226145,-1.1250410663
0.9123777357,-1.1431176128
0.9153023111,-1.1571708989
0.9178097418,-1.1668326824
0.9230797011,-1.1815408983
0.9251962131,-1.1865414184999998
0.9323112886,-1.2016772082
0.9372530351,-1.2108897575
0.9472263356,-1.2269606373
0.9543706693,-1.2369505845
0.9655560014,-1.2509708719
0.9750218817,-1.2615929637
0.9894697613,-1.2759515806
1.0001026689,-1.285310791
1.0229320812,-1.3037589433
1.035361335,-1.31255891
1.0480532683,-1.3210500856
1.7228372095,-1.2757201226
1.6339422149,-1.0912070773
0.7424857998000001,-0.9015755179
0.7234226739,-0.8923292531999999
0.605694017,-0.8154510131999999
0.5870305282,-0.7991628318999999
0.5796643776,-0.7923443379999999
0.5574293972,-0.769326485
0.5459782279,-0.75617255
0.5317091356,-0.7376618398
0.5272820579999999,-0.7315747864
0.4997428302,-0.6818469479000001
0.494986829,-0.6695169581
0.4876257706,-0.6451682241
0.4862620394,-0.6391652533
0.4830326765,-0.6216458660999999
0.481517896,-0.6101642177000001
0.4803753214,-0.5932744204
0.4801237779,-0.5821418137
0.4808604254,-0.5656326172
0.4813467596,-0.5610265242
0.4849157505,-0.537938259
0.4875946268,-0.5264877015999999
0.4925749432,-0.5088931795
0.4944354762,-0.5029537176
0.5034269734000001,-0.4784246403
0.5085091687,-0.4658655317
0.5167379441,-0.4466200375
0.522509963,-0.4336405276
0.5310571879,-0.4151581593
0.5340801805,-0.4085341055
0.5434132482999999,-0.388981014
0.5500368817,-0.3749509594
0.5592139620000001,-0.3560460372
0.5650705460000001,-0.3438253473
0.5736043071,-0.3260185181
0.578563746,-0.3155777831
0.5868531224,-0.2988361759
0.5915769943,-0.2891405581
0.5979297968999999,-0.2763260509
0.6004934446,-0.2713950464
0.6084831194,-0.2563196344
0.6121568188000001,-0.2492829628
0.6174542061,-0.2400928014
0.6190300073,-0.2370362004
0.6261172062,-0.2259207834
0.6279063695,-0.2233204961
0.63319273,-0.2161134527
0.6369494906000001,-0.211114099
0.6453192147,-0.2006991971
0.6474361909,-0.1981328613
0.6564304627,-0.1877449388
0.6587215765,-0.1850728991
0.6686613022,-0.17399187649999998
0.6708415102,-0.1716547913
0.6793120639,-0.1625710835
0.6821191716,-0.15963288550000002
0.6933492623,-0.1482914796
0.6967833433,-0.1448614983
0.7091408815000001,-0.1334488617
0.7153084375,-0.128051937
0.7246725939,-0.12053744539999997
0.7277494654000001,-0.118274259
0.7397383631000001,-0.1101277737
0.7421204,-0.1086725372
0.7532812833,-0.103015112
0.7588740534999999,-0.1007135258
0.7661663744,-0.0983803353
0.7704623820000001,-0.0972236929
0.7782712432,-0.0804767943
0.7773963798000001,-0.0802037999
0.7746033681000001,-0.079602224
0.7730682656,-0.0793980848
0.768884393,-0.0794978669
0.7672617818,-0.0804082546
0.7669701356,-0.08083220769999999
0.7667709065999999,-0.08238110400000001
0.7669789489,-0.0833068107
0.7676881939,-0.0845448842
0.7686292986,-0.0857290834
0.7703096467,-0.0876016718
0.7717144074,-0.08906125949999999
0.7737251745,-0.0912519256
0.7751582140000001,-0.0928081743
0.7771722651999999,-0.0951553032
0.778334895,-0.096770198
0.7801649985,-0.0998350505
0.7805941093000001,-0.1009576966
0.7820814192000001,-0.1057045858
0.7821542995,-0.107176687
0.7821017592,-0.1119836963
0.7812770851,-0.1176429483
0.7794531315000001,-0.124635484
0.7786401868,-0.1271120466
0.7754230222,-0.1354819855
0.7714329165,-0.1443870659
0.7677171542,-0.1519471289
0.7637590881999999,-0.1592152887
0.7570296723000001,-0.1708719387
0.7521034943000001,-0.17894790010000006
0.74410183,-0.1913413446
0.7381534864,-0.1998516297
0.7288682927,-0.2126984421
0.7256415678,-0.21698956100000005
0.7120807066,-0.2342077628
0.7048584092,-0.242906723
0.6974328822,-0.2516498761
0.6781064322,-0.2737581469
0.6700708345,-0.2827279122
0.6626278778,-0.2909185957
0.6495078354,-0.3051280339
0.6410903265,-0.313858169
0.6290784732,-0.3262714191
0.619762013,-0.3354942679
0.6067093912,-0.3479104367
0.5979569855,-0.3559853865
0.5844673632999999,-0.3677560115
0.5799495793,-0.3716015126
0.5611119679,-0.3867041272
0.5522707441,-0.3934446739
0.5365035971000001,-0.4047683344
0.5315109,-0.4083312959000001
0.5107750499,-0.4224371882
0.5055023086,-0.4259335719
0.4892888174,-0.4363965157
0.4782945125,-0.4433698259
0.4559605652000001,-0.4570075231
0.4512610413000001,-0.4598802303
0.4333124567,-0.4704666254
0.4220463692,-0.4770115064
0.4053416035,-0.4866052945
0.3944159741,-0.4927467997
0.3784933317,-0.5015020053
0.3734079344,-0.50419037
0.3539168829,-0.5146300305
0.34575993200000005,-0.5189732746
0.332792734,-0.525921478
0.3254173911,-0.5298093892
0.3161111466,-0.534816453
0.30989356030000004,-0.5383658865
0.3046885358,-0.5413365644
0.3003535447,-0.5442982557
0.2931401525,-0.5497665475
0.29165609940000004,-0.5511910565
0.2878279529,-0.5552255615999999
0.2857761847,-0.5579303140999999
0.2828057347,-0.5634452402000001
0.28229032670000004,-0.5648571835
0.2808903529,-0.5691576628
0.2806334529,-0.5705684702
0.2799181801,-0.5762977101
0.2800421627,-0.5790518873
0.2805725498,-0.584450314
0.2819357027,-0.5894816473
0.2822808868,-0.5904576454
0.2838263742,-0.5940613145
0.2848746741,-0.5963779525999999
0.2872136876,-0.600599034
0.2877754799,-0.6016353068
0.28961336190000003,-0.60483314
0.29082141850000004,-0.606942765
0.2932878838,-0.6112364265
0.29378461300000003,-0.6121207079
0.2957265579,-0.6157511186
0.2969117859,-0.6179535577
0.2984668104,-0.6213166142000001
0.2995353211,-0.6239515342999999
0.3010326595,-0.6279666482999999
0.3015287106,-0.629274245
0.3031765661,-0.6350476473
0.3038294327,-0.6378656583
0.3048469471,-0.6430204908
0.3055450864,-0.646467
0.3065610607,-0.6519660832
0.3068969988,-0.6538497501
0.3081026825,-0.6596198739
0.3095015667,-0.666661695
0.3108890095,-0.6739354853
0.31128259420000004,-0.6765371584000001
0.3130145512,-0.6846653044
0.3141530365,-0.6903396065
0.3167296899,-0.7026483139
0.3174218462,-0.7059658198000001
0.3195313903,-0.7154547631
0.3204303022,-0.7194126805
0.3237525704,-0.7329911840000001
0.3258535489,-0.7409222746999999
0.3289620439,-0.7521282544
0.3311887394,-0.7597850837000001
0.3347041087,-0.7713809103
0.3360309033,-0.7751847740000001
0.33985066140000003,-0.78681063
0.34253552530000003,-0.7946230885
0.3480438437,-0.8091905753
0.3498434926,-0.8135060962999999
0.354413234,-0.8244804465000001
0.35917939390000003,-0.8352337227
0.371445696,-0.8611214021
0.3768768748,-0.8732901934
0.3793643476,-0.879490318
0.3823412888,-0.8877902751000001
0.3831987015,-0.8904266938
0.3858009585,-0.9004857044
0.3865356655,-0.9051715956
0.386827853,-0.9118005298
0.386514595,-0.9159248042
0.3852572979,-0.9214722365
0.384678893,-0.9232817902
0.3809481382,-0.930652611
0.3797568798,-0.9322900341
0.3740957465,-0.9386093803
0.3670408064,-0.9446212967
0.36335201,-0.9473891953
0.35872875600000004,-0.9506528074
0.3518144067,-0.9551116681
0.3494655692,-0.9567477592
0.339191474,-0.9631754448
0.334350647,-0.9661046367
0.3255270262,-0.9712751881
0.3227199038,-0.9729632294
0.3112889452,-0.9798519634
0.3056107882,-0.9833472323
0.3003486764,-0.9863060589
0.2913092958,-0.9917455717
0.2856041233,-0.9950543638
0.2800309354,-0.9983218361
0.2719237232,-1.0031779025
0.2666108319,-1.0062240652
0.25900384,-1.0107890812
0.25410269350000003,-1.0136211975
0.2476098523,-1.017656905
0.2451277452,-1.0192878144
0.2372194274,-1.0240730477
0.2333060965,-1.0267184275
0.2282266258,-1.0300291753
0.2266927941,-1.0311623457
0.2210861481,-1.0348398679000002
0.2187286828,-1.0364733829
0.2145557477,-1.0389295712
0.2107933288,-1.0406392189
0.2090444903,-1.0408814426000002
0.20810427260000006,-1.040812666
0.206581918,-1.0396959686
0.2061718191,-1.0393760503
0.2045798189,-1.036170627
0.2040596956,-1.0347549452
0.2036027167,-1.0332498302
0.2029565311,-1.0307875427
0.2026282865,-1.0288584819
0.2020565181,-1.0258875908
0.2018031321,-1.0237004749
0.2014771747,-1.0212235539
0.2012793331,-1.018808254
0.20108873510000005,-1.0130956743
0.2011003474,-1.0114368804
0.2012175664,-1.0062358429
0.2014356554,-1.0023016125
0.202240919,-0.9941579662
0.2023899947,-0.9920201789
0.2034150123,-0.9850068658
0.2041838051,-0.9805335111
0.3114661236,-0.8119717267000001
0.314256792,-0.8108284498
0.3294674808,-0.8055029606
0.5381752809,-0.6316676322
0.5395316705,-0.6301319901
0.5464346346,-0.6221100989
0.5501091793999999,-0.6183111643
0.5539986293,-0.6145807573
0.5581422224,-0.611060718
0.5668169106000001,-0.6044196829999999
0.5689747068,-0.6027986351
0.5757840050999999,-0.5981950397
0.5798449214,-0.5956529373
0.5884802553,-0.5899162317000001
0.5906940862,-0.5884816999
0.5964530451,-0.5843682063000001
0.5982052868,-0.5829915201
0.6023774275,-0.5361484559
0.6002177613,-0.5319662396
0.5965233075999999,-0.5255572692
0.5936715837,-0.5210002125
0.5898356060000001,-0.5149011842
0.5871428933,-0.510639043
0.5814939858,-0.5021323663
0.5800299501,-0.5000098104
0.575632346,-0.4936464226
0.572578293,-0.4894070929
0.5677750296,-0.4828048762
0.5662558607,-0.4806112688000001
0.5609268967000001,-0.4739181681
0.5573219538,-0.4693669637
0.5493206747,-0.4602564269
0.5472786685000001,-0.4579686165
0.5413448099,-0.4514735308
0.5366653414,-0.4464583745
0.5300908404,-0.4395585151
0.5257177791,-0.4348684483
0.5192235434,-0.4276639137
0.5150430105,-0.4226730192
0.5090132914,-0.4150306942
0.5051525807,-0.4096437377
0.4982671837,-0.3985270825
0.4967124336,-0.3956510676
0.4927788968,-0.3871797847
0.4913377901,-0.383518414
0.4874730251,-0.3706352709
0.4860736216,-0.3639016366
0.4845326129,-0.35377350280000003
0.4839168898,-0.34677879920000004
0.4835865828,-0.3367902437
0.4834014044,-0.33286426010000003
0.4833005161,-0.3190953835
0.4832995675,-0.3148639806
0.4832855136,-0.3038222467
0.4831709287,-0.2924824086
0.4830494054,-0.2860171008
0.482326539,-0.2727048715
0.4816440471,-0.26446140690000003
0.4807449683,-0.2560845099
0.4790518359000001,-0.2438543589
0.4774040845000001,-0.2344314788
0.4746415866,-0.2213389761
0.4723365299,-0.2126980869
0.4682187861,-0.200090521
0.4654090869,-0.1927420978
0.4594208923,-0.180480391
0.4549973459,-0.1734176915
0.4464848229,-0.16269803019999998
0.444561518,-0.160918617
0.4346236765,-0.1530300593
0.4230303537,-0.1464249622
0.4096694794,-0.1410086268
0.4048359901,-0.1393906564
0.3891608045,-0.1353582076
0.3788837931,-0.13342580939999998
0.3548723932,-0.1302926843
0.347633454,-0.1297364801
0.3281005878,-0.1285955834
0.3147669003,-0.1281791645
0.2943089775,-0.128254206
0.280553373,-0.1287680367
0.2595712692,-0.12939038460000002
0.2468125337,-0.1299396733
0.2247602069,-0.1310165769
0.2188710095,-0.1312113457
0.1901299523,-0.132159466
0.1764110179,-0.1325516447
0.1639577897,-0.132485252
0.14931642779999998,-0.1324293122
0.1229351852,-0.1315903397
0.1164958706,-0.131260028
0.0975857295,-0.1300643708
0.08619147630000001,-0.1290692615
0.0612205571,-0.12591199390000002
0.056402791,-0.1252144109
0.0385837409,-0.12223889
0.027687435,-0.1201870544
0.011797542,-0.1166317468
0.0017596051,-0.1143394499
-0.01295343,-0.1103530296
-0.0177308756,-0.1089789366
-0.0404446639,-0.10244512
-0.045047056900000014,-0.1010194407
-0.0572927004,-0.0971010294
-0.0622102021,-0.0955438981
-0.07470569690000001,-0.0915862366
-0.0830658699,-0.08888229859999999
-0.0952561686,-0.08474018050000001
-0.1033192983,-0.0819433708
-0.1190931476,-0.0761897832
-0.1231261304,-0.0746847825
-0.1348112897,-0.06998839400000001
-0.1425292779,-0.06682295320000001
-0.15412136070000002,-0.0616922442
-0.1616914634,-0.0580784149
-0.17332532469999998,-0.052448463
-0.181004524,-0.0484717731
-0.1926293931,-0.0422866853
-0.2022945743,-0.0367381337
-0.2118230441,-0.030978257
-0.2149936341,-0.0289862067
-0.2305725367,-0.0185369044
-0.2342583299,-0.0158927006
-0.2491986093,-0.0048211036
-0.2527784039,-0.0018802202
-0.2675713372,0.0104274021
-0.27131547440000003,0.0137118632
-0.2824232186,0.0238475357
-0.2892295818,0.0301637858
-0.3012360377,0.0418814947
-0.3088694917,0.0495040597
-0.3237915011,0.06493681059999999
-0.3390169957,0.0809420967
-0.346240189,0.08892974990000001
-0.35715450600000004,0.1008256187
-0.7741259189,0.6370317254
-0.77884242,0.6424370194
-0.7814616284,0.6456531537
-0.7859611145000001,0.6508163486
-0.7885934867000001,0.653876829
-0.7922856462000001,0.6585843271
-0.7945631282,0.6616972446
-0.7976863716,0.6664573529
-0.7987483784999999,0.6680163610000001
-0.8022590012999999,0.6749653699
-0.8027547376999999,0.6762221006999999
-0.8053611526000001,0.6834377842
-0.8064636162000001,0.6870153895000001
-0.8079107967,0.6926790769
-0.8086652268000001,0.6964120033
-0.8096788364,0.7003540751
-0.8107292155,0.7044899332
-0.8125578353,0.7107645526999999
-0.8139806937,0.7148902370999999
-0.8175570724,0.7232219273999999
-0.8185182651999999,0.7249547936
-0.8221913062,0.7311617224
-0.8246662807999999,0.7347368443000001
-0.8304594253,0.7416691835
-0.8319726442,0.7431789898000001
-0.8367966301,0.747307097
-0.8405308691,0.7501616645999999
-0.8463466601999999,0.7535757656000001
-0.8503068118000001,0.7555308967000001
-0.8589328307999999,0.7587042057
-0.8679220896,0.7608925879
-0.8733683422,0.761955215
-0.8813530286,0.7631476107999999
-0.8841646031999999,0.7634660306000001
-0.8957426772,0.7646403146999999
-0.8987571329,0.7648397389
-0.9112899478,0.7658950148
-0.9146393994,0.7660863318000001
-0.9276548375,0.7669886219
-0.9315937729,0.7674005001
-0.9417543443,0.7682382320000001
-0.9497812496,0.7688675631
-0.9604762896,0.7698887305
-0.9688578862,0.7708044612999999
-0.9805300444,0.7721837272
-0.9845032645,0.7726584657
-1.0002811172,0.7748584389000001
-1.008283845,0.7760895590000001
-1.0194532438,0.7781157419
-1.0234692717,0.7790604225
-1.0391463272,0.7825303004
-1.0428078896,0.7835172028
-1.0533574975,0.7865540779000001
-1.0599765302,0.7887267631
-1.0724541008,0.7934680972
-1.075280131,0.7946835694
-1.0832975863,0.7986828275
-1.0882476156,0.8012864143999999
-1.0969847724,0.8065983833
-1.0996101512,0.8082324982
-1.1056694374,0.8121900676999999
-1.1074021495,0.8133473558
-1.1152235031,0.8191479465000001
-1.118753961,0.8217485575
-1.1238983496,0.8261732587
-1.125339089,0.8274045374
-1.1318701911,0.8340841887
-1.1349633178,0.8373293581999999
-1.1377400885,0.8408070011
-1.1409497303,0.8452131624
-1.1483701445,0.8568454078
-1.1525972134,0.8644791666
-1.1568267985,0.872860227
-1.1605064226,0.8810400447
-1.1619651967,0.8844498478
-1.1656339738,0.8929115486
-1.1682850666,0.8996797809
-1.1718530442,0.9091514773
-1.1741784989,0.9155839446
-1.1776549951000002,0.9251081592
-1.1796326305,0.9311638896
-1.1831100035,0.9413098152
-1.1850760481,0.9473951508
-1.188139385,0.95731325
-1.1902921822,0.964396715
-1.1930687366,0.9743827582
-1.1939492915,0.9775676971
-1.1967925462,0.9905370891
-1.1977575005,0.996457827
-1.1990839226,1.0055877629
-1.1993054335,1.0080031529
-1.2002509286,1.0173228994
-1.2003603434,1.0226675945
-1.1998898529000002,1.0293573495
-1.1996914601000002,1.0344968054
-1.199136754,1.0411203033
-1.1989471555,1.043288217
-1.197894858,1.0515516794
-1.1973235477,1.0553034496
-1.1964943515000002,1.0617323032
-1.1961860258,1.0637172939
-1.19501248,1.0719354549
-1.1945339135,1.0762641536
-1.1938324914,1.0825652029
-1.1935676488,1.0848440357
-1.1928353106999998,1.0933758798
-1.1926956778,1.0955323316
-1.1922484290000002,1.1040466742
-1.1923304772,1.1082936462
-1.1925364067,1.1126004463
-1.1928568346,1.1167779082
-1.1937754689,1.1227893488
-1.1946349134999998,1.1266917357
-1.1964763834,1.1322984861
-1.1979263733,1.1360963951
-1.2006871789,1.1415214824
-1.2026151904,1.1453187712
-1.2056027235,1.1505452503
-1.2078007542,1.1540389588
-1.2112748428,1.1594061193
-1.2135616986,1.1629729182
-1.2172441605,1.1683387115
-1.2196949414,1.1718839059
-1.2234847598,1.1769338636
-1.2258612931,1.179910267
-1.23161527,1.1858365702
-1.2359134591,1.189433679
-1.2401833856,1.1924051253
-1.2429118642,1.1940955783
-1.2456805765,1.1954785658
-1.2498273562,1.1972176973
-1.2525975926,1.1980569592
-1.2565553785,1.1994049834
-1.2592032084,1.2002904383
-1.2631093258,1.2017482472
-1.2656923769,1.2029412341
-1.2694352195999998,1.204890249
-1.270670304,1.2055754403
-1.2746130933,1.2073100115000002
-1.2769288512,1.2092694307
-1.2800754236,1.212691231
-1.2810860064,1.2139899091
-1.2836629682,1.2179092319
-1.2853348714,1.2212661043000002
-1.2873240988,1.226224405
-1.288435456,1.2295430607
-1.2907655549,1.2382890451000002
-1.2910093978,1.2400737603
-1.2912870572,1.2454792076
-1.2913855949,1.2489866433
-1.2910961457,1.254117143
-1.2897196126,1.255855773
-1.2888170701,1.2603688147
-1.2877106965,1.2647096791
-1.2868562868,1.2670701761
-1.2859570232,1.2697499234
-1.2847450827,1.2729648999999998
-1.2843116064,1.2742095987
-1.28392477,1.278624799
-1.2832381514,1.2808858458
-1.2818555012,1.2813867807
-1.2817942464,1.2824772094
-1.2820548006,1.283763405
-1.2823993039,1.2842587315
-1.2832354452,1.2849668192
-1.2840488018,1.2853188822
-1.2863256958,1.2856939747
-1.2870641394,1.2857482378
-1.2894925697,1.2856658408
-1.2912757769,1.2855614835
-1.2942052329,1.284871784
-1.29676804,1.2844512436
-1.3003353895999998,1.2834906401
-1.3017593961,1.2831493712
-1.3068499063,1.2816323997
-1.3093061743,1.2807411446
-1.3129047893,1.2795239977
-1.3140873536,1.2790950881999998
-1.3182474627,1.277102996
-1.3191621064,1.2765690192
-1.3220793798,1.2749070683
-1.3238416074,1.2734808148
-1.3272559218000002,1.2703301865
-1.3281808591,1.2693081452
-1.3315491061,1.2677789631999998
-1.3330036808,1.265408118
-1.3349274664,1.2614691542
-1.335928993,1.2586817596
-1.3369232248,1.2540734685
-1.3370526919,1.2526198153
-1.3368423541,1.2452655549
-1.3362297143,1.2413930582
-1.3348145832,1.2347935459
-1.3341098556,1.2325205235
-1.3313441714,1.2226230578
-1.3304071313,1.2198886722
-1.3268285046,1.2085439176
-1.3249966104000002,1.2025476017
-1.3221612620999998,1.1934679884
-1.3203541287,1.1887179174
-1.3175886370999998,1.1801959785
-1.3155523303,1.1735744066
-1.3125751432,1.1633888501
-1.3116578705,1.1604936499
-1.3087869591,1.15237279
-1.3070650694,1.1477332618
-1.30343486,1.1385180261
-1.3023154505,1.136003406
-1.2995394214,1.1302516581
-1.29873233,1.1285449597
-1.2949588699,1.1220988737
-1.293094581,1.1193972715
-1.290337151,1.1155404705
-1.2895079847,1.1145118609
-1.285883523,1.1105705355
-1.2852033586,1.1099018826
-1.2828444926,1.1076489847
-1.2815715453,1.1065219263
-1.2787190742,1.1036792835
-1.2784075614,1.1033870438
-1.2778197073,1.1035460362
-1.2778406417,1.1042501581
-1.2785305996,1.1056554128
-1.279163032,1.1067486306999998
-1.2816351584,1.1108346826
-1.2829083329000002,1.1127753575
-1.2850797642,1.1157130997
-1.2866458157,1.1177273799
-1.2889935783,1.1208362437
-1.289750178,1.1217741475
-1.2923379251,1.1255032799
-1.2928225468,1.1263023723
-1.2944829815,1.1290907183
-1.2947418755,1.1296757383
-1.295419758,1.1314235772
-1.295525873,1.1317614361
-1.2956592606,1.1324279231
-1.2956011964,1.1326012904
-1.2954426547,1.1323324589
-1.2953752949,1.1322931126
-1.2953522055,1.1319278152
-1.2951255104,1.1312739645
-1.2951174034,1.1302984012
-1.2951829764,1.1294308076
-1.2958785125,1.1279682138
-1.2966266495,1.1266601245
-1.2981263423,1.1246115836
-1.2994271189,1.1230600798
-1.3019264752,1.1207045323
-1.3038911314,1.1189424242
-1.3074011136,1.1162067609
-1.3086454255,1.1153661645
-1.3130205749,1.1124390903
-1.3162322889,1.1105182247
-1.3234370376,1.1067189385
-1.3253058018,1.1057963009
-1.3306630063,1.1016698051
-1.3358773881,1.1017559133
-1.3422682213,1.1000112602
-1.3468681488,1.0991347114
-1.354346328,1.0983483427
-1.3591794354,1.098356066
-1.3667117207,1.0988946941
-1.3717197072999998,1.0998354609999998
-1.3795545313,1.1016028996
-1.3850934026,1.103090899
-1.3963265668,1.1063058436
-1.4052203926,1.1085649222
-1.4144636059,1.110398803
-1.423855626,1.1115553493
-1.427033117,1.1118520151
-1.4360640822,1.1121391876
-1.4461889374,1.1115331177
-1.4524788395,1.1108682808
-1.4587672224,1.1096173809
-1.4679529981,1.1073150198
-1.471026966,1.1064100234999998
-1.4829768602000002,1.1020737638
-1.4888123591999998,1.0996249643
-1.4967520785,1.0962227695
-1.5026680964,1.0934208339
-1.5096274087,1.0878069077
-1.5121681748,1.0866450291
-1.5194265545,1.0828787558
-1.5261041045,1.0789411817
-1.532348293,1.0753682562
-1.5342720999,1.0744743694
-1.5411465496,1.0698376554
-1.5430876463999998,1.0686425238
-1.5473732472,1.0655560325
-1.5502975219,1.0630208911
-1.5549875894,1.0591980486
-1.5560312988,1.0583298333
-1.5588466294,1.0557857615
-1.5605956036000002,1.0542759764
-1.5635231266,1.0522749773
-1.5640726442,1.0518063371
-1.5660743298,1.0506318106
-1.5667024823,1.0503247554
-1.5691768349000002,1.0492235279000002
-1.5705598735,1.0487917549
-1.5728508142,1.0479476705
-1.5736412748,1.0475726324
-1.5771518349,1.0460079363
-1.5789173562,1.0453146471
-1.5817959401,1.0437158086
-1.5831022121,1.0429175558
-1.5864310659,1.040882094
-1.5887411488999998,1.0392928291
-1.5922544424,1.0368542467
-1.5957619814,1.0345397537
-1.5980040102000002,1.0330843652
-1.6001119669,1.0320255286
-1.6035462662,1.0301131328
-1.6056331044,1.0291855116
-1.6087073117,1.0282318383
-1.6114063909,1.0292941403
-1.6143757877,1.0289542818
-1.6163540637,1.0290533915
-1.6192548322,1.0293563801
-1.6204211339,1.0280517988
-1.6233594585,1.0290405012
-1.6242213158,1.0293485597
-1.6273569002,1.0306942788
-1.6294207324,1.0320423508
-1.633523403,1.0348915666
-1.6344976056,1.0356029933
-1.6375573273,1.0385756813
-1.6395644384,1.0407168606
-1.6425426369999998,1.044270474
-1.6442917141,1.0469428415000002
-1.6474774783,1.0516702648
-1.6495058226,1.0547958075
-1.6527563273,1.0603526297
-1.6538307708000002,1.0622164158
-1.6585722275,1.0703183332
-1.6611160273,1.0744301728
-1.6652299748,1.08137532
-1.6678894306999998,1.0856312105
-1.6744925634,1.0956079159999998
-1.676148547,1.0978494715
-1.6796171972999998,1.1028740742
-1.6832642324,1.1076599634
-1.6911031558,1.11679021
-1.6933107816,1.1189814967
-1.7000252524,1.1254963552
-1.7048256241,1.1294925104
-1.7153540515,1.1365844576000002
-1.718277439,1.1381854081
-1.7271359999,1.1423595422
-1.7297217999,1.1431226979
-1.7433581076,1.1472612197
-1.7503648077,1.1483093517
-1.7614060482,1.1489154526
-1.7652190834,1.148863738
-1.780806154,1.1477018847
-1.7879294046,1.1465924203
-1.8010949817,1.1463749568
-1.8090409981,1.1443662223
-1.8210806458,1.1410629596
-1.8290975637,1.138589716
-1.8413126943,1.1344732008
-1.8454025729,1.1329403056
-1.8625568072,1.1270552362
-1.8667340777,1.1250985644
-1.8801950853,1.120333255
-1.8895481323,1.1169624732
-1.9077251944,1.1108816137
-1.9134112666,1.1089632115
-1.9280349131,1.1043527929
-1.9851859582,1.1637627294
-1.9854615114,1.1646763528
-1.9854026245,1.163539739
-1.9854016921,1.1635673053
